human_time,epoch_time,web_cpu,mongo-db_cpu,nginx_cpu,mosquitto_cpu,web_ram,mongo-db_ram,nginx_ram,mosquitto_ram,host_cpu,host_ram
59:05.9,1682189945,29.53,2.24,0.57,0.08,0.61,0.513,0.0032,0.0013,98.6,1.4
00:23.5,1682190023,162.79,2.52,0.04,0.18,0.62,0.513,0.0032,0.0013,95.9,1.4
01:41.1,1682190101,43.42,1.77,0.63,0.09,0.62,0.513,0.0032,0.0013,91.3,1.4
03:02.0,1682190182,72.47,3.81,0.04,0.11,0.61,0.513,0.0032,0.0013,62.5,1.5
04:20.4,1682190260,30.44,2.26,0.24,0.19,0.6,0.509,0.0032,0.0013,94.6,1.4
05:37.8,1682190337,40.94,2.14,0.05,0.2,0.6,0.51,0.0031,0.0013,97.2,1.4
06:55.4,1682190415,130.82,1.92,0.67,0.13,0.61,0.509,0.0032,0.0013,97,1.4
08:13.0,1682190492,138.87,1.07,0.58,0.27,0.61,0.509,0.0031,0.0013,85.2,1.4
09:30.4,1682190570,31.1,2.12,0.55,0.09,0.6,0.509,0.0031,0.0013,98.6,1.4
10:47.8,1682190647,71.39,2.31,0.04,0.08,0.6,0.509,0.0031,0.0013,95.9,1.4
12:05.3,1682190725,37.37,1.79,0.64,0.08,0.6,0.509,0.0031,0.0013,95.7,1.4
13:22.9,1682190802,139.59,2.47,0.67,0.1,0.61,0.509,0.0031,0.0013,89,1.4
14:40.5,1682190880,96.72,3.64,0.05,0.23,0.61,0.509,0.0031,0.0013,86,1.4
15:58.0,1682190957,59.53,1.96,0.04,0.11,0.59,0.508,0.0031,0.0013,97.3,1.4
17:15.4,1682191035,60.03,1.74,0.6,0.09,0.59,0.508,0.0031,0.0013,93.1,1.4
18:32.9,1682191112,150.52,1.77,0.56,0.17,0.59,0.509,0.0032,0.0013,95.9,1.4
19:50.6,1682191190,155.03,2.36,0.04,0.09,0.61,0.509,0.0031,0.0013,95.6,1.4
21:08.1,1682191268,57.96,1.78,0.76,0.07,0.61,0.509,0.0032,0.0013,91.9,1.4
22:25.6,1682191345,27.19,2.79,0.59,0.2,0.59,0.509,0.0031,0.0013,94.3,1.4
23:43.0,1682191422,66.67,2.01,0.05,0.1,0.59,0.509,0.0031,0.0013,90.4,1.4
25:00.6,1682191500,175.85,3.17,1.24,0.43,0.59,0.508,0.0031,0.0013,97.1,1.4
26:18.3,1682191578,185.62,5.5,0.76,0.17,0.61,0.508,0.0031,0.0013,95.9,1.4
27:35.8,1682191655,61.27,1.98,0.04,0.1,0.58,0.509,0.0031,0.0013,98.6,1.4
28:53.3,1682191733,42.74,1.95,0.65,0.09,0.59,0.51,0.0031,0.0013,93,1.4
30:10.8,1682191810,49.47,1.84,0.58,0.09,0.59,0.51,0.0032,0.0013,97.2,1.4
31:28.3,1682191888,156.5,2.38,0.35,0.09,0.59,0.51,0.0032,0.0013,95.9,1.4
32:45.9,1682191965,31.19,1.79,0.75,0.18,0.6,0.51,0.0031,0.0013,92.1,1.4
34:03.5,1682192043,31.51,1.6,0.44,0.14,0.61,0.51,0.0031,0.0013,97.2,1.4
35:21.0,1682192120,74.11,2.87,0.15,0.18,0.59,0.51,0.0031,0.0013,98.6,1.4
36:38.4,1682192198,61.93,2.06,0.58,0.16,0.59,0.51,0.0031,0.0013,94.3,1.4
37:56.0,1682192276,160.23,1.79,0.76,0.1,0.59,0.51,0.0031,0.0013,94.3,1.4
39:13.6,1682192353,72.8,3.05,0.04,0.1,0.6,0.51,0.0031,0.0013,93.3,1.4
40:31.2,1682192431,62.8,1.81,0.75,0.1,0.59,0.51,0.0031,0.0013,95.8,1.4
41:48.7,1682192508,23.52,2.04,0.74,0.15,0.59,0.51,0.0031,0.0013,95.9,1.4
43:06.1,1682192586,67.8,1.81,0.04,0.11,0.59,0.51,0.0031,0.0013,90.9,1.4
44:23.8,1682192663,155.18,1.81,0.74,0.09,0.61,0.51,0.0032,0.0013,95.8,1.4
45:41.4,1682192741,77.98,2.97,0.49,0.09,0.61,0.51,0.0031,0.0013,95.9,1.4
46:58.9,1682192818,69.2,2.69,0.72,0.09,0.59,0.51,0.0031,0.0013,94.4,1.4
48:16.4,1682192896,53.19,1.74,0.59,0.08,0.59,0.51,0.0031,0.0013,95.8,1.4
49:33.8,1682192973,66.75,2.24,0.54,0.1,0.59,0.51,0.0031,0.0013,92.9,1.4
50:51.5,1682193051,132.31,2.27,0.62,0.08,0.6,0.51,0.0033,0.0013,98.6,1.4
52:09.1,1682193129,137.71,2.45,0.73,0.11,0.61,0.51,0.0031,0.0013,97.2,1.4
53:26.5,1682193206,31.95,2.13,0.54,0.13,0.59,0.51,0.0031,0.0013,95.8,1.4
54:44.0,1682193284,79.41,1.97,0.16,0.09,0.59,0.51,0.0031,0.0013,97.3,1.4
56:01.5,1682193361,60.73,3.14,0.63,0.13,0.59,0.51,0.0031,0.0013,94.5,1.4
57:19.2,1682193439,119.11,1.85,0.7,0.11,0.61,0.51,0.0031,0.0013,94.6,1.4
58:36.7,1682193516,146.94,1.41,0.21,0.12,0.61,0.51,0.0031,0.0013,98.6,1.4
59:54.2,1682193594,58.05,1.94,0.74,0.12,0.59,0.51,0.0031,0.0013,97.2,1.4
01:11.7,1682193671,23.98,1.93,0.57,0.17,0.59,0.51,0.0032,0.0013,96,1.4
02:29.2,1682193749,62.3,3.36,0.52,0.09,0.59,0.51,0.0032,0.0013,93.3,1.4
03:46.9,1682193826,172.04,1.99,0.24,0.08,0.6,0.51,0.0031,0.0013,93.1,1.4
05:04.5,1682193904,124.26,2.15,0.65,0.08,0.61,0.511,0.0032,0.0013,84.1,1.4
06:22.0,1682193981,74.35,2.02,0.04,0.32,0.59,0.511,0.0032,0.0013,94.5,1.4
07:39.5,1682194059,61.58,3.42,0.05,0.1,0.59,0.511,0.0031,0.0013,97.2,1.4
08:57.0,1682194136,70.39,7.12,0.77,0.08,0.59,0.511,0.0031,0.0013,96,1.4
10:14.6,1682194214,148.27,58.82,0.1,0.1,0.6,0.512,0.0031,0.0013,93.1,1.4
11:32.1,1682194292,61.97,2.12,0.73,0.17,0.61,0.512,0.0031,0.0013,98.6,1.4
12:49.6,1682194369,41.57,2.91,0.62,0.09,0.59,0.512,0.0032,0.0013,84.8,1.4
14:07.0,1682194447,64.01,2.05,0.16,0.11,0.59,0.512,0.0031,0.0013,98.7,1.4
15:24.6,1682194524,192.39,2.79,1.07,0.51,0.59,0.512,0.0031,0.0013,94.4,1.4
16:42.3,1682194602,158.2,2.89,0.81,0.13,0.6,0.512,0.0031,0.0013,88.7,1.4
17:59.8,1682194679,33.71,3.32,0.39,0.15,0.59,0.512,0.0031,0.0013,94.6,1.4
19:17.3,1682194757,62.91,1.86,0.64,0.09,0.59,0.512,0.0031,0.0013,98.6,1.4
20:34.7,1682194834,61.89,1.91,0.6,0.09,0.59,0.512,0.0031,0.0013,97.3,1.4
21:52.3,1682194912,233.51,2.48,0.65,0.12,0.59,0.512,0.0031,0.0013,98.6,1.4
23:09.9,1682194989,242.43,3.35,0.57,0.11,0.59,0.512,0.0031,0.0013,95.7,1.4
24:27.4,1682195067,125.49,2.19,0.55,0.08,0.57,0.512,0.0031,0.0013,94.2,1.4
25:44.9,1682195144,134.81,3.77,0.43,0.16,0.59,0.512,0.0031,0.0013,97.3,1.4
27:02.3,1682195222,156.97,2.88,0.04,0.39,0.59,0.512,0.0031,0.0013,98.6,1.4
28:19.9,1682195299,161.39,3.41,0.66,0.09,0.59,0.512,0.0031,0.0013,93.2,1.4
29:37.5,1682195377,27.15,2.48,0.68,0.11,0.6,0.512,0.0031,0.0013,86.7,1.4
30:55.0,1682195455,64.36,1.85,0.16,0.13,0.59,0.512,0.0031,0.0013,94.6,1.4
32:12.6,1682195532,122.8,1.85,0.79,0.1,0.59,0.512,0.0031,0.0013,97.1,1.4
33:30.1,1682195610,42.94,3.84,0.55,0.08,0.59,0.512,0.0031,0.0013,91.8,1.4
34:47.7,1682195687,171.75,2.24,0.04,0.11,0.61,0.512,0.0031,0.0013,97.2,1.4
36:05.4,1682195765,68.68,1.7,1.05,0.34,0.61,0.512,0.0031,0.0013,94.4,1.4
37:23.0,1682195842,53.12,1.78,0.7,0.12,0.6,0.512,0.0032,0.0013,94.4,1.4
38:40.5,1682195920,60.66,2.06,0.59,0.1,0.6,0.512,0.0031,0.0013,95.7,1.4
39:57.9,1682195997,69.25,2.33,0.04,0.1,0.6,0.512,0.0031,0.0013,97.3,1.4
41:15.6,1682196075,151.54,1.73,0.7,0.18,0.62,0.512,0.0032,0.0013,95.9,1.4
42:33.2,1682196153,59.59,2.04,0.04,0.09,0.61,0.512,0.0031,0.0013,100,1.4
43:50.7,1682196230,67.8,1.79,0.61,0.17,0.6,0.512,0.0031,0.0013,90.3,1.4
45:08.2,1682196308,52.71,1.74,0.58,0.12,0.59,0.512,0.0032,0.0013,94.3,1.4
46:25.8,1682196385,98.34,1.66,0.63,0.09,0.59,0.512,0.0031,0.0013,89.7,1.4
47:43.3,1682196463,153.14,3.11,0.66,0.11,0.6,0.512,0.0032,0.0013,94.4,1.4
49:00.9,1682196540,156.33,2.64,0.5,0.27,0.6,0.512,0.0031,0.0013,94.3,1.4
50:18.5,1682196618,66.11,1.75,0.62,0.13,0.59,0.513,0.0031,0.0013,92,1.4
51:35.9,1682196695,39.44,2.12,0.58,0.14,0.59,0.512,0.0031,0.0013,95.9,1.4
52:53.4,1682196773,50.36,2.16,0.04,0.15,0.59,0.512,0.0031,0.0013,93,1.4
54:11.0,1682196850,124.91,1.88,0.75,0.12,0.61,0.512,0.0031,0.0013,93.3,1.4
55:28.5,1682196928,160.12,2.35,0.91,0.24,0.61,0.512,0.0034,0.0013,88.3,1.4
56:46.0,1682197006,72.3,4.76,0.39,0.08,0.59,0.512,0.0031,0.0013,95.8,1.4
58:03.5,1682197083,70.2,2.68,0.15,0.1,0.59,0.512,0.0031,0.0013,93.3,1.4
59:21.0,1682197161,62.39,1.79,0.61,0.08,0.59,0.512,0.0031,0.0013,97.2,1.4
00:38.6,1682197238,145.99,2.41,0.11,0.16,0.61,0.512,0.0031,0.0013,95.7,1.4
01:56.2,1682197316,63.45,1.92,0.8,0.22,0.61,0.512,0.0032,0.0013,92.9,1.4
03:13.6,1682197393,41.26,1.89,0.66,0.08,0.59,0.512,0.0031,0.0013,98.6,1.4
04:31.1,1682197471,61.99,2.2,0.43,0.14,0.59,0.512,0.0031,0.0013,95.8,1.4
05:48.7,1682197548,185.52,2.42,0.5,0.44,0.6,0.512,0.0031,0.0013,92.8,1.4
07:06.3,1682197626,158.1,18.18,0.77,0.2,0.61,0.512,0.0031,0.0013,90.2,1.4
08:23.9,1682197703,32.02,2.25,0.58,0.09,0.59,0.513,0.0031,0.0013,94.3,1.4
09:41.3,1682197781,36.2,2.16,0.44,0.09,0.59,0.513,0.0031,0.0013,97.1,1.4
10:58.8,1682197858,64.69,2.05,0.15,0.09,0.59,0.513,0.0031,0.0013,94.7,1.4
12:16.4,1682197936,153.87,1.76,0.69,0.09,0.6,0.513,0.0032,0.0013,97.1,1.4
13:33.9,1682198013,144.32,2.76,0.37,0.11,0.61,0.513,0.0031,0.0013,91.7,1.4
14:51.4,1682198091,62.08,2.38,0.65,0.14,0.57,0.513,0.0032,0.0013,94.4,1.4
16:08.9,1682198168,40.79,2.59,0.52,0.16,0.6,0.513,0.0031,0.0013,90.6,1.4
17:26.4,1682198246,46.05,2.77,0.54,0.15,0.59,0.513,0.0032,0.0013,93.3,1.4
18:43.9,1682198323,162.25,2.1,0.2,0.14,0.6,0.513,0.0031,0.0013,98.7,1.4
20:01.6,1682198401,36.22,2.16,0.72,0.21,0.6,0.513,0.0031,0.0013,92.2,1.4
21:19.0,1682198479,65.66,4.53,0.1,0.13,0.59,0.514,0.0031,0.0013,98.6,1.4
22:36.5,1682198556,64.36,1.88,0.62,0.11,0.59,0.514,0.0031,0.0013,94.5,1.4
23:54.0,1682198633,44.98,1.86,0.69,0.09,0.59,0.514,0.0031,0.0013,94.5,1.4
25:11.5,1682198711,148.29,2.2,0.1,0.09,0.59,0.513,0.0031,0.0013,97.3,1.4
26:29.1,1682198789,71.31,2.28,0.05,0.11,0.6,0.513,0.0031,0.0013,93.2,1.4
27:46.6,1682198866,56.03,2.31,0.63,0.2,0.59,0.514,0.0031,0.0013,92.7,1.4
29:04.1,1682198944,55.42,2.05,0.68,0.08,0.59,0.514,0.0032,0.0013,95.9,1.4
30:21.6,1682199021,32.24,2.04,0.56,0.09,0.59,0.514,0.0031,0.0013,97.2,1.4
31:39.2,1682199099,171.97,2.39,0.04,0.09,0.61,0.514,0.0031,0.0013,98.6,1.4
32:56.7,1682199176,43.23,2.63,0.61,0.15,0.6,0.514,0.0031,0.0013,94.4,1.4
34:14.2,1682199254,56.36,2.17,0.04,0.09,0.59,0.514,0.0031,0.0013,94.2,1.4
35:31.7,1682199331,67.17,1.87,0.6,0.09,0.59,0.514,0.0031,0.0013,91.3,1.4
36:49.2,1682199409,77.38,5.97,0.78,0.18,0.59,0.514,0.0031,0.0013,97.2,1.4
38:06.8,1682199486,155.84,1.86,0.73,0.12,0.61,0.514,0.0031,0.0013,95.8,1.4
39:24.3,1682199564,135.81,3.74,0.1,0.1,0.6,0.514,0.0031,0.0013,97.2,1.4
40:41.8,1682199641,62.49,1.92,0.59,0.1,0.59,0.514,0.0031,0.0013,93.3,1.4
41:59.2,1682199719,52,2.74,0.6,0.08,0.59,0.514,0.0031,0.0013,97.2,1.4
43:16.7,1682199796,33.35,2.13,0.54,0.13,0.59,0.514,0.0032,0.0013,94.5,1.4
44:34.3,1682199874,163.42,2.72,0.04,0.09,0.6,0.514,0.0031,0.0013,93.1,1.4
45:52.0,1682199951,125.87,1.4,1.07,0.38,0.61,0.514,0.0031,0.0013,91.6,1.4
47:09.4,1682200029,35.2,2.98,0.62,0.2,0.59,0.514,0.0031,0.0013,89.5,1.4
48:26.8,1682200106,40.46,2.2,0.28,0.1,0.59,0.514,0.0031,0.0013,93.3,1.4
49:44.3,1682200184,64.29,2.22,0.6,0.14,0.59,0.514,0.0031,0.0013,95.9,1.4
51:01.9,1682200261,152.18,2.26,0.47,0.09,0.6,0.514,0.0031,0.0013,94.5,1.4
52:19.4,1682200339,28.44,3.38,0.62,0.14,0.61,0.514,0.0031,0.0013,87.1,1.4
53:36.9,1682200416,54.32,2.21,0.04,0.09,0.59,0.514,0.0031,0.0013,94.5,1.4
54:54.3,1682200494,63.37,1.71,0.62,0.13,0.59,0.514,0.0031,0.0013,93,1.4
56:11.9,1682200571,187,4.33,0.71,0.18,0.59,0.514,0.0031,0.0013,93.3,1.4
57:29.4,1682200649,141.29,3.12,0.79,0.12,0.6,0.514,0.0031,0.0013,95.9,1.4
58:46.9,1682200726,63.1,1.79,0.19,0.06,0.61,0.514,0.0032,0.0013,98.6,1.4
00:04.4,1682200804,60.28,1.78,0.72,0.11,0.59,0.514,0.0031,0.0013,97.2,1.4
01:21.9,1682200881,22.57,2.2,0.55,0.09,0.59,0.514,0.0031,0.0013,95.9,1.4
02:39.4,1682200959,175.44,3.75,0.13,0.1,0.59,0.514,0.0031,0.0013,97.2,1.4
03:56.0,1682201036,122.91,2.27,0.62,0.1,0.61,0.514,0.0031,0.0013,95.7,1.4
05:13.6,1682201113,64,2.07,0.59,0.08,0.59,0.514,0.0031,0.0013,95.8,1.4
06:31.1,1682201191,53.98,1.87,0.64,0.13,0.59,0.514,0.0033,0.0013,93.1,1.4
07:48.6,1682201268,48.79,3.09,0.63,0.28,0.59,0.514,0.0031,0.0013,89.2,1.4
09:06.1,1682201346,163.2,3.12,0.14,0.1,0.59,0.514,0.0031,0.0013,93.1,1.4
10:23.8,1682201423,83.5,1.84,0.73,0.1,0.6,0.514,0.0031,0.0013,94.8,1.4
11:41.3,1682201501,77.44,2.87,0.04,0.09,0.59,0.514,0.0031,0.0013,98.6,1.4
12:58.9,1682201578,158.51,2.21,0.58,0.15,0.59,0.514,0.0031,0.0013,94.6,1.4
14:16.4,1682201656,152.39,2.58,0.56,0.09,0.59,0.514,0.0031,0.0013,88.7,1.4
15:33.9,1682201733,240.92,2.44,0.45,0.14,0.61,0.514,0.0031,0.0013,97.2,1.4
16:51.6,1682201811,74.21,4.49,0.87,0.22,0.61,0.514,0.0031,0.0013,95.8,1.4
18:09.1,1682201889,38.67,3.05,0.7,0.12,0.59,0.514,0.0032,0.0013,91.6,1.4
19:26.6,1682201966,60.42,2,0.04,0.09,0.59,0.514,0.0031,0.0013,95.7,1.4
20:44.1,1682202044,58.95,1.38,0.68,0.15,0.6,0.514,0.0031,0.0013,97.2,1.4
22:01.7,1682202121,162.18,2.31,0.69,0.11,0.6,0.514,0.0032,0.0013,95.9,1.4
23:19.3,1682202199,58.54,3.47,0.57,0.14,0.61,0.514,0.0031,0.0013,97.2,1.4
24:36.9,1682202276,32.61,2.25,0.42,0.09,0.61,0.514,0.0031,0.0013,93,1.4
25:54.4,1682202354,61.68,2.73,0.53,0.09,0.6,0.514,0.0031,0.0013,93,1.4
27:12.0,1682202431,54.57,2.41,0.53,0.42,0.61,0.514,0.0031,0.0013,98.5,1.4
28:29.6,1682202509,141.95,4.15,0.77,0.13,0.62,0.514,0.0031,0.0013,94.6,1.4
29:47.3,1682202587,150.94,2.84,0.04,0.2,0.61,0.514,0.0031,0.0013,94.3,1.4
31:04.8,1682202664,62.97,1.75,0.62,0.17,0.6,0.515,0.0031,0.0013,91.9,1.4
32:22.2,1682202742,32.89,2.93,0.56,0.09,0.61,0.515,0.0031,0.0013,93.4,1.4
33:39.8,1682202819,60.27,3.64,0.04,0.2,0.6,0.515,0.0031,0.0013,91.9,1.4
34:57.4,1682202897,153.32,1.89,0.73,0.1,0.6,0.515,0.0031,0.0013,88,1.4
36:15.1,1682202975,165.38,2.91,0.45,0.51,0.61,0.516,0.0031,0.0013,88.7,1.4
37:32.6,1682203052,50.75,3.09,0.16,0.31,0.59,0.516,0.0031,0.0013,97.2,1.4
38:50.1,1682203130,62.07,3.92,0.57,0.13,0.59,0.516,0.0031,0.0013,98.6,1.4
40:07.6,1682203207,52.81,2.04,0.59,0.13,0.59,0.516,0.0031,0.0013,89.1,1.4
41:25.2,1682203285,163.16,10.5,0.05,0.14,0.6,0.516,0.0031,0.0013,97.2,1.4
42:42.7,1682203362,43.34,2.56,0.73,0.16,0.61,0.516,0.0031,0.0013,90.3,1.4
44:00.2,1682203440,59.39,4.46,0.04,0.12,0.59,0.516,0.0031,0.0013,91.6,1.4
45:17.7,1682203517,61.59,1.83,0.61,0.08,0.59,0.516,0.0031,0.0013,97.2,1.4
46:35.2,1682203595,177.89,2.48,0.61,0.27,0.59,0.516,0.0031,0.0013,90.3,1.4
47:52.9,1682203672,142.49,2.95,0.24,0.08,0.61,0.516,0.0031,0.0013,92.9,1.4
49:10.4,1682203750,65.28,2.1,0.63,0.17,0.6,0.516,0.0031,0.0013,90.1,1.4
50:27.9,1682203827,38.81,2.62,0.62,0.09,0.59,0.516,0.0031,0.0013,87.2,1.4
51:45.4,1682203905,71.36,2.14,0.42,0.09,0.59,0.516,0.0031,0.0013,94.7,1.4
53:02.9,1682203982,163.67,1.85,0.66,0.08,0.59,0.516,0.0031,0.0013,89.4,1.4
54:20.5,1682204060,120.82,2.19,0.7,0.13,0.61,0.516,0.0031,0.0013,95.8,1.4
55:38.1,1682204138,60.18,1.99,0.6,0.16,0.57,0.516,0.0031,0.0013,94.5,1.4
56:55.6,1682204215,126.32,1.85,0.62,0.27,0.59,0.516,0.0031,0.0013,91.9,1.4
58:13.1,1682204293,41.43,2.93,0.72,0.3,0.59,0.516,0.0031,0.0013,91.8,1.4
59:30.6,1682204370,160.83,2.59,0.16,0.09,0.59,0.516,0.0031,0.0013,97.2,1.4
00:48.2,1682204448,44.75,2.09,0.69,0.12,0.6,0.516,0.0033,0.0013,92.1,1.4
02:05.8,1682204525,38.53,2.61,0.21,0.16,0.59,0.516,0.0031,0.0013,98.6,1.4
03:23.4,1682204603,62.72,1.82,0.35,0.08,0.59,0.516,0.0031,0.0013,96,1.4
04:40.9,1682204680,61.78,2.29,0.75,0.08,0.59,0.516,0.0031,0.0013,97.2,1.4
05:58.4,1682204758,128.02,2.03,0.86,0.19,0.6,0.516,0.0031,0.0013,94.6,1.4
07:16.0,1682204836,63.13,1.92,0.18,0.27,0.61,0.516,0.0031,0.0013,92.9,1.4
08:33.6,1682204913,81.85,2.83,0.38,0.08,0.59,0.516,0.0032,0.0013,98.6,1.4
09:51.0,1682204991,51.75,1.92,0.61,0.1,0.59,0.516,0.0031,0.0013,97.2,1.4
11:08.5,1682205068,28.21,2.14,0.56,0.09,0.59,0.516,0.0032,0.0013,95.9,1.4
12:26.1,1682205146,164.64,2.05,0.04,0.1,0.6,0.516,0.0031,0.0013,94.6,1.4
13:43.7,1682205223,110.19,1.69,0.57,0.08,0.6,0.516,0.0031,0.0013,90.4,1.4
15:01.2,1682205301,31.82,2.83,0.63,0.09,0.59,0.516,0.0031,0.0013,90.4,1.4
16:18.7,1682205378,62.14,5.25,0.04,0.13,0.59,0.517,0.0031,0.0013,98.6,1.4
17:36.3,1682205456,54.95,2.02,0.2,0.17,0.59,0.517,0.0031,0.0013,95.8,1.4
18:53.9,1682205533,146.4,1.76,0.71,0.14,0.61,0.517,0.0031,0.0013,97.2,1.4
20:11.4,1682205611,153.47,1.5,0.04,0.09,0.61,0.517,0.0031,0.0013,94.5,1.4
21:28.9,1682205688,59.2,1.76,0.62,0.08,0.59,0.517,0.0031,0.0013,94.8,1.4
22:46.3,1682205766,63.07,1.78,0.62,0.1,0.59,0.518,0.0031,0.0013,95.8,1.4
24:03.8,1682205843,23.53,2.25,0.54,0.07,0.59,0.517,0.0031,0.0013,95.8,1.4
25:21.4,1682205921,156.2,2.05,0.45,0.09,0.61,0.517,0.0031,0.0013,91.4,1.4
26:39.0,1682205999,153.1,3.57,0.89,0.5,0.61,0.517,0.0033,0.0013,91.2,1.4
27:56.5,1682206076,55.45,2.17,0.35,0.49,0.59,0.518,0.0031,0.0013,91.9,1.4
29:14.0,1682206153,36.84,2.07,0.44,0.12,0.59,0.517,0.0031,0.0013,97.2,1.4
30:31.5,1682206231,160.03,2.04,0.1,0.1,0.59,0.517,0.0031,0.0013,96,1.4
31:49.1,1682206309,162.83,1.8,0.65,0.09,0.61,0.517,0.0031,0.0013,86.1,1.4
33:06.7,1682206386,64.56,2.34,0.62,0.17,0.61,0.517,0.0031,0.0013,93.2,1.4
34:24.1,1682206464,63.88,1.94,0.17,0.13,0.59,0.517,0.0032,0.0013,97.2,1.4
35:41.6,1682206541,60.39,1.71,0.64,0.09,0.59,0.517,0.0031,0.0013,93,1.4
36:59.1,1682206619,118.05,2.22,0.6,0.1,0.59,0.517,0.0032,0.0013,91.4,1.4
38:16.8,1682206696,154.3,2.96,0.05,0.28,0.6,0.517,0.0031,0.0013,87.5,1.4
39:34.4,1682206774,60.54,1.72,0.62,0.09,0.58,0.517,0.0031,0.0013,91.8,1.4
40:51.8,1682206851,44.3,1.83,0.63,0.09,0.59,0.517,0.0032,0.0013,94.1,1.4
42:09.3,1682206929,55.59,3.4,0.05,0.09,0.59,0.517,0.0031,0.0013,95.9,1.4
43:26.8,1682207006,163.07,2.05,0.34,0.16,0.6,0.517,0.0031,0.0013,95.8,1.4
44:44.4,1682207084,53.91,2.48,0.67,0.14,0.6,0.517,0.0032,0.0013,83.8,1.4
46:01.9,1682207161,52.61,13.99,0.13,0.09,0.61,0.517,0.0031,0.0013,96.1,1.4
47:19.3,1682207239,122.96,3.42,0.24,0.09,0.59,0.518,0.0031,0.0013,97.2,1.4
48:36.8,1682207316,75.39,1.66,0.58,0.09,0.59,0.517,0.0031,0.0013,97.1,1.4
49:54.4,1682207394,140.9,2.88,0.7,0.13,0.59,0.517,0.0032,0.0013,100,1.4
51:11.9,1682207471,63.37,1.86,0.05,0.12,0.6,0.518,0.0031,0.0013,94.3,1.4
52:29.5,1682207549,27.27,3.19,0.62,0.09,0.6,0.517,0.0031,0.0013,87.3,1.4
53:47.0,1682207626,33.53,2.11,0.56,0.15,0.59,0.517,0.0031,0.0013,94.4,1.4
55:04.4,1682207704,47.91,2.62,0.22,0.13,0.59,0.518,0.0031,0.0013,95.9,1.4
56:22.1,1682207782,165.64,1.93,0.71,0.11,0.61,0.518,0.0031,0.0013,97.3,1.4
57:39.5,1682207859,38.23,4.2,0.76,0.09,0.61,0.517,0.0032,0.0013,94.5,1.4
58:57.1,1682207937,101.28,2.61,0.54,0.15,0.59,0.517,0.0031,0.0013,94.3,1.4
00:14.5,1682208014,64.2,35.16,0.17,0.17,0.6,0.517,0.0031,0.0013,97.2,1.4
01:32.0,1682208092,59.16,1.79,0.6,0.14,0.6,0.517,0.0031,0.0013,97.2,1.4
02:49.7,1682208169,264.77,3.51,0.67,0.09,0.6,0.517,0.0031,0.0013,91,1.4
04:07.3,1682208247,259.81,2.15,0.61,0.09,0.61,0.517,0.0031,0.0013,90.7,1.4
05:24.8,1682208324,135.6,2.03,0.64,0.16,0.59,0.517,0.0033,0.0013,84.7,1.4
06:42.3,1682208402,95.74,2.4,0.03,0.17,0.59,0.517,0.0031,0.0013,93.4,1.4
07:59.8,1682208479,187.5,4.94,0.15,0.29,0.59,0.518,0.0031,0.0013,95.9,1.4
09:17.5,1682208557,177.26,2.09,0.95,0.11,0.6,0.517,0.0031,0.0013,97.1,1.4
10:35.1,1682208635,141.61,2.28,0.62,0.12,0.61,0.518,0.0031,0.0013,90.2,1.4
11:52.6,1682208712,60.65,1.94,0.56,0.1,0.59,0.518,0.0031,0.0013,90.4,1.4
13:10.0,1682208790,47.13,3.29,0.7,0.11,0.59,0.518,0.0032,0.0013,95.8,1.4
14:27.5,1682208867,39.03,2.11,0.34,0.09,0.59,0.518,0.0031,0.0013,94.4,1.4
15:45.1,1682208945,165.78,2.49,0.79,0.11,0.62,0.518,0.0031,0.0013,91.3,1.4
17:02.8,1682209022,79.29,3.57,0.69,0.64,0.62,0.518,0.0031,0.0013,95.8,1.4
18:20.2,1682209100,29.17,1.95,0.75,0.36,0.6,0.518,0.0031,0.0013,93.1,1.4
19:37.7,1682209177,68.42,2.05,0.42,0.08,0.6,0.518,0.0031,0.0013,94.5,1.4
20:55.2,1682209255,88.66,2.49,0.04,0.18,0.6,0.518,0.0031,0.0013,97.3,1.4
22:12.9,1682209332,149.57,1.8,0.72,0.18,0.61,0.518,0.0031,0.0013,94.3,1.4
23:30.5,1682209410,62.67,1.98,0.04,0.16,0.62,0.518,0.0031,0.0013,88.9,1.4
24:48.0,1682209488,39.41,1.75,0.61,0.09,0.59,0.518,0.0031,0.0013,93.4,1.4
26:05.5,1682209565,35.25,2.93,0.68,0.11,0.59,0.518,0.0032,0.0013,93,1.4
27:23.0,1682209643,142.04,2.33,0.04,0.15,0.6,0.518,0.0031,0.0013,97.1,1.4
28:40.7,1682209720,213.78,3.33,0.8,0.29,0.6,0.518,0.0031,0.0013,86.7,1.4
29:58.2,1682209798,50.37,2.82,0.53,0.1,0.58,0.518,0.0032,0.0013,90.5,1.4
31:15.7,1682209875,63.14,1.6,0.04,0.09,0.59,0.518,0.0031,0.0013,95.9,1.4
32:33.2,1682209953,60.74,1.79,0.57,0.09,0.59,0.518,0.0031,0.0013,94.3,1.4
33:50.7,1682210030,116.76,8.96,0.86,0.07,0.59,0.518,0.0031,0.0013,90.4,1.4
35:08.3,1682210108,171.32,2.2,0.69,0.11,0.61,0.518,0.0031,0.0013,97.2,1.4
36:25.8,1682210185,32.03,2.16,0.63,0.08,0.61,0.518,0.0031,0.0013,94.3,1.4
37:43.3,1682210263,45.77,3.39,0.54,0.13,0.6,0.518,0.0032,0.0013,91.8,1.4
39:00.7,1682210340,57.2,3.86,0.15,0.09,0.59,0.518,0.0033,0.0013,95.9,1.4
40:18.3,1682210418,161.24,2.07,0.05,0.12,0.6,0.518,0.0031,0.0013,95.9,1.4
41:35.9,1682210495,46.21,2.3,0.71,0.14,0.6,0.518,0.0031,0.0013,85.1,1.4
42:53.4,1682210573,47.43,8.92,0.1,0.09,0.59,0.518,0.0031,0.0013,94.4,1.4
44:10.9,1682210650,64.75,1.93,0.7,0.1,0.59,0.518,0.0031,0.0013,93.1,1.4
45:28.4,1682210728,33.44,2.2,0.55,0.09,0.59,0.518,0.0031,0.0013,95.7,1.4
46:46.0,1682210805,161.53,2.03,0.29,0.16,0.61,0.518,0.0031,0.0013,97.3,1.4
48:03.5,1682210883,52.56,2.53,0.72,0.13,0.6,0.518,0.0031,0.0013,94.3,1.4
49:21.0,1682210961,68.56,2.15,0.58,0.1,0.59,0.518,0.0032,0.0013,93,1.4
50:38.5,1682211038,54.86,2.13,0.04,0.09,0.59,0.518,0.0031,0.0013,97.4,1.4
51:56.0,1682211116,69.67,2.37,0.05,0.14,0.59,0.518,0.0031,0.0013,97.2,1.4
53:13.7,1682211193,154.73,1.84,0.65,0.14,0.61,0.518,0.0032,0.0013,94.5,1.4
54:31.3,1682211271,146.06,2.16,0.08,0.14,0.61,0.518,0.0031,0.0013,94.6,1.4
55:48.8,1682211348,29.69,1.89,0.6,0.09,0.59,0.518,0.0031,0.0013,92.9,1.4
57:06.4,1682211426,38.56,2.51,0.73,0.49,0.59,0.518,0.0033,0.0013,94.6,1.4
58:22.8,1682211502,88.66,2.75,0.04,0.09,0.59,0.518,0.0031,0.0013,94.4,1.4
59:40.5,1682211580,161.89,1.98,0.69,0.09,0.61,0.518,0.0031,0.0013,94.3,1.4
00:58.0,1682211657,154.84,3,0.89,0.12,0.61,0.518,0.0031,0.0013,93,1.4
02:15.4,1682211735,58.94,1.88,0.04,0.1,0.59,0.518,0.0031,0.0013,97.2,1.4
03:32.9,1682211812,55.81,2.07,0.27,0.14,0.59,0.518,0.0031,0.0013,93.3,1.4
04:50.4,1682211890,59.19,1.82,0.65,0.17,0.6,0.518,0.0031,0.0013,98.6,1.4
06:08.1,1682211968,137.32,4.33,0.63,0.19,0.6,0.518,0.0031,0.0013,95.7,1.4
07:25.7,1682212045,87.12,3.76,1.23,0.42,0.61,0.518,0.0032,0.0013,94.5,1.4
08:43.2,1682212123,66.97,3.25,0.65,0.32,0.6,0.518,0.0031,0.0013,95.7,1.4
10:00.7,1682212200,49.5,1.76,0.67,0.09,0.59,0.518,0.0031,0.0013,95.8,1.4
11:18.2,1682212278,120.74,5.82,0.57,0.09,0.59,0.518,0.0032,0.0013,97.3,1.4
12:35.9,1682212355,161.82,1.87,0.77,0.14,0.6,0.518,0.0031,0.0013,92,1.4
13:53.3,1682212433,32.65,2,0.63,0.05,0.61,0.518,0.0031,0.0013,82.9,1.4
15:10.7,1682212510,37.17,2.02,0.32,0.09,0.59,0.518,0.0033,0.0013,95.9,1.4
16:28.2,1682212588,61.92,2.15,0.57,0.09,0.59,0.518,0.0031,0.0013,97.3,1.4
17:45.8,1682212665,154.92,2.1,1.17,0.26,0.6,0.518,0.0031,0.0013,95.8,1.4
19:03.5,1682212743,123.19,2.31,0.68,0.1,0.55,0.518,0.0033,0.0013,91.9,1.4
20:21.0,1682212820,34.68,2.14,0.41,0.1,0.58,0.517,0.0031,0.0013,98.6,1.4
21:38.5,1682212898,49.16,2.39,0.51,0.3,0.54,0.518,0.0031,0.0013,98.6,1.4
22:55.9,1682212975,61.2,2.12,0.04,0.17,0.59,0.518,0.0031,0.0013,96,1.4
24:13.5,1682213053,159.01,2.14,0.46,0.09,0.59,0.517,0.0031,0.0013,97.2,1.4
25:31.1,1682213131,34.2,1.99,0.84,0.12,0.55,0.518,0.0032,0.0013,92.3,1.4
26:48.6,1682213208,125.44,2.06,0.04,0.11,0.6,0.517,0.0031,0.0013,98.6,1.4
28:06.1,1682213286,55.83,1.84,0.78,0.19,0.54,0.518,0.0032,0.0013,95.9,1.4
29:23.7,1682213363,128.15,2.89,0.69,0.09,0.59,0.518,0.0031,0.0013,94.6,1.4
30:41.3,1682213441,155.21,1.8,0.67,0.15,0.61,0.518,0.0031,0.0013,90.5,1.4
31:58.9,1682213518,60.85,1.71,0.32,0.1,0.55,0.518,0.0031,0.0013,90.5,1.4
33:16.4,1682213596,60.53,2.16,0.24,0.18,0.59,0.518,0.0031,0.0013,94.5,1.4
34:33.9,1682213673,52.81,1.75,0.72,0.08,0.54,0.518,0.0033,0.0013,93.1,1.4
35:51.4,1682213751,121.95,2.29,0.71,0.15,0.61,0.518,0.0031,0.0013,95.9,1.4
37:09.0,1682213828,164.89,2.91,0.05,0.1,0.6,0.518,0.0031,0.0013,95.9,1.4
38:26.5,1682213906,80.24,1.76,0.69,0.1,0.55,0.518,0.0031,0.0013,95.8,1.4
39:44.1,1682213984,33.65,2.02,1.19,0.2,0.59,0.518,0.0033,0.0013,80.9,1.4
41:01.6,1682214061,34.8,2.23,0.04,0.09,0.54,0.518,0.0032,0.0013,94.6,1.4
42:19.1,1682214139,172.03,2.12,0.28,0.15,0.61,0.518,0.0031,0.0013,91.7,1.4
43:36.7,1682214216,155.42,2.25,0.8,0.13,0.6,0.518,0.0031,0.0013,89.2,1.4
44:54.4,1682214294,153.69,1.48,0.3,0.12,0.55,0.518,0.0031,0.0013,71.2,1.4
46:11.8,1682214371,57.74,1.9,0.72,0.13,0.59,0.518,0.0031,0.0013,97.3,1.4
47:29.4,1682214449,88.77,3.39,1.01,0.34,0.54,0.518,0.0033,0.0013,95.8,1.4
48:46.9,1682214526,165.62,3.07,0.75,0.38,0.61,0.518,0.0032,0.0013,90.6,1.4
50:04.6,1682214604,251.17,2.04,0.15,0.39,0.6,0.518,0.0031,0.0013,91.6,1.4
51:22.2,1682214682,223.64,2.43,0.69,0.24,0.55,0.518,0.0031,0.0013,91.8,1.4
52:39.7,1682214759,68.04,3.19,0.66,0.09,0.6,0.518,0.0031,0.0013,97.2,1.4
53:57.2,1682214837,72.19,2.27,0.17,0.11,0.54,0.518,0.0031,0.0013,95.9,1.4
55:14.8,1682214914,60.35,58.57,0.79,0.1,0.61,0.518,0.0031,0.0013,95.9,1.4
56:32.4,1682214992,139.66,2.28,0.69,0.09,0.61,0.518,0.0032,0.0013,89.7,1.4
57:50.1,1682215070,140.54,4.04,0.11,0.23,0.55,0.518,0.0031,0.0013,94.4,1.4
59:07.6,1682215147,54.65,2.79,0.69,0.35,0.59,0.518,0.0031,0.0013,98.6,1.4
00:25.1,1682215225,24.96,1.93,0.59,0.09,0.55,0.518,0.0031,0.0013,97.1,1.4
01:42.7,1682215302,161.14,2.29,0.66,0.1,0.62,0.517,0.0031,0.0013,97.2,1.4
03:00.4,1682215380,166.49,2.52,0.54,0.09,0.6,0.517,0.0031,0.0013,95.8,1.4
04:17.9,1682215457,61.7,1.93,0.69,0.12,0.56,0.517,0.0031,0.0013,95.8,1.4
05:35.4,1682215535,36.05,2.18,0.6,0.22,0.61,0.517,0.0031,0.0013,90.4,1.4
06:52.9,1682215612,62.85,2.26,0.04,0.09,0.55,0.517,0.0031,0.0013,97.3,1.4
08:10.6,1682215690,157.54,2.24,0.71,0.11,0.61,0.517,0.0031,0.0013,92.1,1.5
09:28.2,1682215768,129.74,4.12,0.72,0.15,0.61,0.517,0.0032,0.0013,85.9,1.4
10:45.8,1682215845,65.07,2.21,0.04,0.1,0.52,0.517,0.0031,0.0013,94.5,1.4
12:03.3,1682215923,61.85,2.03,0.62,0.08,0.59,0.518,0.0031,0.0013,97.3,1.4
13:20.7,1682216000,64.31,1.74,0.67,0.15,0.54,0.518,0.0031,0.0013,95.7,1.4
14:38.3,1682216078,122.14,2.97,0.66,0.15,0.56,0.518,0.0032,0.0013,94.7,1.4
15:55.9,1682216155,162.7,2.11,0.7,0.1,0.61,0.517,0.0031,0.0013,91.8,1.4
17:13.4,1682216233,32.23,1.98,0.53,0.08,0.55,0.517,0.0031,0.0013,95.9,1.4
18:31.0,1682216310,24.92,1.84,0.91,0.25,0.59,0.517,0.0032,0.0013,94.5,1.4
19:48.5,1682216388,12.85,2.72,0.66,0.27,0.59,0.517,0.0031,0.0013,97.2,1.4
21:06.0,1682216466,154.04,2.09,0.04,0.1,0.54,0.518,0.0031,0.0013,95.7,1.4
22:23.6,1682216543,62.75,2.06,0.68,0.12,0.6,0.518,0.0031,0.0013,91.5,1.4
23:41.1,1682216621,37.24,2.06,0.66,0.09,0.54,0.518,0.0032,0.0013,92.8,1.4
24:58.6,1682216698,18.89,2.88,0.57,0.09,0.59,0.517,0.0031,0.0013,93.4,1.4
26:16.1,1682216776,62.52,5.41,0.04,0.1,0.6,0.518,0.0031,0.0013,96,1.4
27:33.7,1682216853,157.09,1.92,0.74,0.1,0.55,0.518,0.0031,0.0013,98.6,1.4
28:51.3,1682216931,23.62,2.71,0.68,0.18,0.6,0.517,0.0031,0.0013,90.8,1.4
30:08.9,1682217008,68.45,2.22,0.07,0.14,0.54,0.518,0.0031,0.0013,93.2,1.3
31:26.4,1682217086,155.78,2.03,0.28,0.12,0.59,0.518,0.0031,0.0013,87,1.4
32:43.8,1682217163,58.6,1.63,0.57,0.13,0.59,0.518,0.0031,0.0013,98.6,1.4
34:01.5,1682217241,124.59,2.21,0.7,0.11,0.54,0.518,0.0031,0.0013,93,1.4
35:19.1,1682217319,153.39,13.8,0.6,0.09,0.61,0.518,0.0031,0.0013,92.9,1.4
36:36.6,1682217396,51.86,1.82,0.61,0.09,0.54,0.518,0.0031,0.0013,94.9,1.4
37:54.2,1682217474,87.4,4.52,1.06,0.47,0.59,0.518,0.0032,0.0013,88,1.4
39:11.6,1682217551,56.93,2.69,0.55,0.19,0.59,0.517,0.0031,0.0013,87.9,1.4
40:29.3,1682217629,145.09,4.55,0.1,0.15,0.55,0.518,0.0031,0.0013,94.3,1.4
41:46.8,1682217706,105.45,2.48,0.68,0.16,0.61,0.517,0.0031,0.0013,95.9,1.4
43:04.3,1682217784,36.02,2.25,0.55,0.12,0.54,0.517,0.0032,0.0013,90.4,1.4
44:21.7,1682217861,61.85,2.11,0.41,0.08,0.59,0.517,0.0031,0.0013,97.2,1.4
45:39.3,1682217939,62.87,4.33,0.18,0.09,0.59,0.517,0.0031,0.0013,95.9,1.4
46:56.9,1682218016,137.12,2.1,0.63,0.12,0.55,0.517,0.0032,0.0013,92.9,1.4
48:14.4,1682218094,128.27,2.98,0.1,0.38,0.61,0.517,0.0031,0.0013,97.1,1.4
49:31.9,1682218171,54.46,2.74,0.7,0.09,0.54,0.517,0.0032,0.0013,97.1,1.4
50:49.3,1682218249,60.43,4.63,0.6,0.09,0.59,0.517,0.0031,0.0013,97.3,1.4
52:06.9,1682218326,128.06,1.64,0.6,0.08,0.59,0.517,0.0032,0.0013,95.8,1.4
53:24.4,1682218404,156.41,8.9,0.05,0.12,0.55,0.517,0.0031,0.0013,93.1,1.4
54:42.0,1682218481,50.66,1.9,0.76,0.07,0.6,0.517,0.0031,0.0013,93.4,1.4
55:59.5,1682218559,30.15,4.32,0.55,0.1,0.54,0.518,0.0031,0.0013,96,1.4
57:16.9,1682218636,26.54,1.76,0.62,0.09,0.6,0.517,0.0031,0.0013,95.8,1.4
58:34.4,1682218714,154.31,2.21,0.39,0.13,0.59,0.517,0.0032,0.0013,97.2,1.4
59:52.1,1682218792,160.75,3.01,0.47,0.31,0.54,0.518,0.0031,0.0013,92.8,1.4
01:09.6,1682218869,58.48,4.5,0.63,0.09,0.57,0.518,0.0031,0.0013,93.3,1.4
02:27.1,1682218947,20.11,2.18,0.55,0.1,0.54,0.517,0.0031,0.0013,97.1,1.4
03:44.6,1682219024,43.31,2.23,0.03,0.11,0.59,0.518,0.0033,0.0013,97.3,1.4
05:02.2,1682219102,161.63,3.31,0.83,0.13,0.59,0.517,0.0031,0.0013,94.4,1.4
06:19.8,1682219179,24.35,2.2,0.66,0.13,0.54,0.518,0.0031,0.0013,89.5,1.4
07:37.3,1682219257,61.12,2.14,0.04,0.12,0.59,0.517,0.0031,0.0013,94.6,1.4
08:54.8,1682219334,53.31,1.97,0.2,0.12,0.53,0.518,0.0031,0.0013,95.8,1.4
10:12.3,1682219412,55.71,1.97,0.24,0.33,0.61,0.517,0.0031,0.0013,95.9,1.4
11:29.9,1682219489,140.6,2.51,0.71,0.09,0.61,0.518,0.0033,0.0013,95.9,1.4
12:47.4,1682219567,75.51,2.18,0.04,0.1,0.55,0.518,0.0031,0.0013,94.3,1.4
14:04.9,1682219644,60.15,1.79,0.7,0.09,0.59,0.518,0.0031,0.0013,98.6,1.4
15:22.3,1682219722,54.69,1.68,0.58,0.12,0.53,0.518,0.0031,0.0013,93.1,1.4
16:39.8,1682219799,31.47,2.96,0.62,0.09,0.61,0.518,0.0031,0.0013,97.3,1.4
17:57.4,1682219877,158.94,2.92,0.05,0.1,0.6,0.518,0.0031,0.0013,93.1,1.4
19:15.0,1682219954,137.6,2.41,0.7,0.09,0.55,0.518,0.0031,0.0013,87.8,1.4
20:32.4,1682220032,26.12,1.83,0.86,0.09,0.61,0.518,0.0032,0.0013,91.4,1.4
21:49.9,1682220109,24.76,3.11,0.61,0.09,0.54,0.518,0.0031,0.0013,94.6,1.4
23:07.5,1682220187,61.54,1.58,0.19,0.15,0.61,0.518,0.0031,0.0013,94.5,1.4
24:25.1,1682220265,167.22,1.84,0.83,0.09,0.61,0.518,0.0031,0.0013,95.7,1.4
25:42.7,1682220342,152.39,2.56,0.6,0.09,0.55,0.518,0.0031,0.0013,91.8,1.4
27:00.1,1682220420,60.12,2.82,0.13,0.08,0.6,0.518,0.0031,0.0013,97.2,1.4
28:17.7,1682220497,94.33,3.11,1.1,0.32,0.54,0.518,0.0031,0.0013,91.8,1.4
29:35.5,1682220575,212.22,3.25,0.63,0.18,0.58,0.518,0.0034,0.0013,96,1.4
30:53.2,1682220653,262.28,2.27,0.52,0.1,0.6,0.518,0.0031,0.0013,93,1.4
32:10.8,1682220730,53.25,2.89,0.66,0.2,0.55,0.519,0.0031,0.0013,94.5,1.4
33:28.2,1682220808,75.89,1.99,0.65,0.15,0.59,0.519,0.0032,0.0013,93.1,1.4
34:45.7,1682220885,61.52,2.55,0.77,0.1,0.59,0.519,0.0031,0.0013,94.6,1.4
36:03.2,1682220963,147.19,2.06,0.04,0.08,0.55,0.519,0.0031,0.0013,95.7,1.4
37:20.9,1682221040,209.31,1.86,0.85,0.12,0.6,0.504,0.0033,0.0013,92.1,1.4
38:38.4,1682221118,69.48,3.04,0.04,0.25,0.55,0.504,0.0031,0.0013,93.1,1.4
39:56.0,1682221195,54.19,2.01,0.16,0.4,0.61,0.504,0.0031,0.0013,94.6,1.4
41:13.5,1682221273,50.41,2.71,0.64,0.11,0.6,0.504,0.0032,0.0013,97.2,1.4
42:31.1,1682221351,159.67,1.87,0.67,0.09,0.55,0.504,0.0031,0.0013,95.8,1.4
43:48.7,1682221428,135.23,2.41,0.56,0.1,0.61,0.504,0.0032,0.0013,88.9,1.4
45:06.3,1682221506,62.04,1.77,0.72,0.09,0.54,0.504,0.0031,0.0013,95.9,1.4
46:23.8,1682221583,134.71,2.09,0.65,0.16,0.6,0.504,0.0031,0.0013,91.7,1.4
47:41.3,1682221661,43.92,2.16,0.04,0.16,0.6,0.504,0.0031,0.0013,89.4,1.4
48:59.0,1682221739,177.71,2.7,0.16,0.09,0.54,0.504,0.0032,0.0013,93.1,1.4
50:16.7,1682221816,175.55,3.38,1.01,0.2,0.61,0.504,0.0031,0.0013,93.2,1.4
51:34.2,1682221894,45.49,1.87,0.56,0.08,0.55,0.504,0.0031,0.0013,94.5,1.4
52:51.6,1682221971,27.57,2.28,0.56,0.09,0.59,0.504,0.0031,0.0013,94.7,1.4
54:09.1,1682222049,62,2.11,0.04,0.12,0.59,0.504,0.0031,0.0013,94.5,1.4
55:26.6,1682222126,125.65,1.78,1.03,0.09,0.54,0.504,0.0032,0.0013,80.3,1.4
56:44.2,1682222204,63.29,2.23,0.65,0.1,0.6,0.504,0.0032,0.0013,86.3,1.4
58:01.7,1682222281,60.31,1.68,0.52,0.14,0.54,0.504,0.0031,0.0013,95.8,1.4
59:19.2,1682222359,66.32,3.72,0.69,0.35,0.6,0.504,0.0031,0.0013,98.6,1.4
00:36.7,1682222436,60.11,1.84,0.63,0.09,0.6,0.504,0.0031,0.0013,91.4,1.4
01:54.3,1682222514,137.37,2.25,0.62,0.12,0.55,0.504,0.0031,0.0013,97.3,1.4
03:11.8,1682222591,62.36,1.98,0.63,0.09,0.61,0.504,0.0031,0.0013,94.2,1.4
04:29.3,1682222669,29.29,3.56,0.62,0.1,0.54,0.504,0.0032,0.0013,89.2,1.3
05:46.8,1682222746,51.69,2.23,0.56,0.09,0.6,0.504,0.0032,0.0013,85.3,1.4
07:04.3,1682222824,62.13,2.18,0.15,0.11,0.6,0.504,0.0032,0.0013,98.6,1.4
08:22.0,1682222901,159.91,2.03,0.62,0.09,0.55,0.504,0.0032,0.0013,95.8,1.4
09:39.6,1682222979,120.76,5.4,0.64,0.09,0.61,0.504,0.0031,0.0013,91.4,1.4
10:57.0,1682223057,43.49,2.19,0.13,0.09,0.54,0.504,0.0031,0.0013,93.1,1.4
12:14.5,1682223134,63.1,2.26,0.04,0.09,0.6,0.504,0.0032,0.0013,95.8,1.4
13:31.9,1682223211,62.74,2.54,0.4,0.08,0.6,0.504,0.0031,0.0013,93.2,1.4
14:49.5,1682223289,138.88,4.69,0.72,0.14,0.55,0.504,0.0033,0.0013,88.1,1.4
16:07.1,1682223367,177.67,1.47,0.04,0.14,0.61,0.504,0.0031,0.0013,93.1,1.4
17:24.5,1682223444,61.4,2.02,0.74,0.09,0.54,0.505,0.0031,0.0013,97.2,1.4
18:42.1,1682223522,96.48,3.21,1.19,0.43,0.6,0.504,0.0032,0.0013,90.5,1.4
19:59.6,1682223599,38.9,4.82,0.56,0.34,0.6,0.504,0.0031,0.0013,95.8,1.4
21:17.2,1682223677,147.65,2.31,0.04,0.09,0.55,0.504,0.0031,0.0013,88.7,1.4
22:34.7,1682223754,60.9,1.85,0.68,0.16,0.61,0.504,0.0031,0.0013,93.1,1.4
23:52.2,1682223832,41.12,2.02,0.56,0.15,0.54,0.504,0.0032,0.0013,91.6,1.4
25:09.7,1682223909,45.35,4.53,0.43,0.15,0.6,0.504,0.0032,0.0013,95.9,1.4
26:27.1,1682223987,159.58,1.9,0.16,0.18,0.6,0.504,0.0031,0.0013,97.1,1.4
27:44.7,1682224064,150.91,1.78,0.77,0.1,0.56,0.505,0.0031,0.0013,94.7,1.4
29:02.2,1682224142,54.67,3.42,0.81,0.07,0.61,0.504,0.0033,0.0013,87.9,1.4
30:19.7,1682224219,100.65,15.86,0.65,0.26,0.54,0.504,0.0031,0.0013,92.8,1.4
31:37.1,1682224297,61.55,2.16,0.55,0.09,0.6,0.504,0.0031,0.0013,94.4,1.4
32:54.6,1682224374,163.56,2.94,0.04,0.09,0.6,0.504,0.0031,0.0013,95.9,1.4
34:12.3,1682224452,143.13,2.41,0.66,0.1,0.55,0.504,0.0031,0.0013,93.4,1.4
35:29.8,1682224529,37,4.05,0.52,0.12,0.58,0.504,0.0031,0.0013,97.2,1.4
36:47.2,1682224607,61.93,1.97,0.21,0.14,0.54,0.504,0.0031,0.0013,95.8,1.4
38:04.7,1682224684,72.45,2.02,0.56,0.16,0.6,0.504,0.0031,0.0013,95.8,1.4
39:22.3,1682224762,136.71,2.95,0.36,0.17,0.6,0.504,0.0031,0.0013,98.6,1.4
40:39.9,1682224839,59.7,4.05,0.66,0.09,0.56,0.504,0.0031,0.0013,94.5,1.4
41:57.4,1682224917,22.79,1.89,0.6,0.09,0.61,0.504,0.0033,0.0013,92,1.4
43:14.8,1682224994,88.51,1.96,0.04,0.09,0.54,0.504,0.0031,0.0013,98.6,1.4
44:32.3,1682225072,64.68,1.99,0.61,0.12,0.6,0.504,0.0032,0.0013,97.2,1.4
45:49.9,1682225149,157.08,3.84,0.82,0.09,0.6,0.504,0.0031,0.0013,93.1,1.4
47:07.4,1682225227,47.6,2.25,0.48,0.1,0.55,0.504,0.0031,0.0013,94.6,1.4
48:24.9,1682225304,71.32,2.44,0.08,0.09,0.6,0.504,0.0031,0.0013,90.4,1.4
49:42.3,1682225382,54.69,2.83,0.15,0.33,0.54,0.504,0.0031,0.0013,88,1.4
50:59.8,1682225459,49.39,4.42,0.18,0.37,0.6,0.504,0.0031,0.0013,90.3,1.4
52:17.4,1682225537,149.24,2.22,0.72,0.1,0.61,0.504,0.0031,0.0013,97.2,1.4
53:35.0,1682225615,38.76,2.62,0.68,0.12,0.55,0.504,0.0031,0.0013,91.8,1.4
54:52.5,1682225692,177.48,2.13,0.6,0.13,0.6,0.504,0.0031,0.0013,91.8,1.4
56:10.0,1682225769,63.63,4.01,0.62,0.08,0.54,0.504,0.0031,0.0013,97.2,1.4
57:27.5,1682225847,139.8,2.44,0.58,0.08,0.6,0.504,0.0033,0.0013,93.4,1.4
58:45.1,1682225925,133.11,2.23,0.62,0.48,0.61,0.504,0.0033,0.0013,91.7,1.4
00:02.7,1682226002,159.1,2.74,1.04,0.08,0.56,0.504,0.0031,0.0013,95.7,1.4
01:20.2,1682226080,70.08,3.04,0.73,0.09,0.6,0.504,0.0031,0.0013,95.9,1.4
02:37.6,1682226157,62.16,2.01,0.65,0.09,0.54,0.504,0.0031,0.0013,94.4,1.4
03:55.2,1682226235,181.07,2.37,0.58,0.1,0.61,0.504,0.0031,0.0013,97.2,1.4
05:12.7,1682226312,158.11,2.45,0.03,0.11,0.61,0.504,0.0032,0.0013,92.7,1.4
06:30.3,1682226390,148.23,1.86,0.66,0.08,0.56,0.504,0.0032,0.0013,94.5,1.4
07:47.8,1682226467,24.3,2.17,0.77,0.1,0.6,0.504,0.0031,0.0013,98.6,1.4
09:05.3,1682226545,188.98,2.51,0.63,0.3,0.54,0.504,0.0031,0.0013,90.2,1.4
10:22.9,1682226622,259.95,2.06,0.65,0.13,0.61,0.504,0.0031,0.0013,97.2,1.4
11:40.6,1682226700,152.24,1.88,0.75,0.1,0.61,0.505,0.0032,0.0013,90.7,1.4
12:58.2,1682226778,63.87,2.79,0.04,0.15,0.56,0.505,0.0031,0.0013,92.6,1.4
14:15.7,1682226855,63.37,1.82,0.77,0.11,0.6,0.505,0.0031,0.0013,95.7,1.4
15:33.2,1682226933,77.49,1.7,0.7,0.1,0.54,0.505,0.0031,0.0013,92.8,1.4
16:50.8,1682227010,204.57,2.29,0.12,0.09,0.62,0.505,0.0031,0.0013,94.8,1.4
18:08.5,1682227088,183.44,2.06,0.68,0.09,0.61,0.505,0.0031,0.0013,93.2,1.4
19:26.0,1682227166,24.4,2.06,0.66,0.12,0.57,0.504,0.0031,0.0013,87.7,1.4
20:43.6,1682227243,49.97,1.9,0.65,0.25,0.61,0.505,0.0032,0.0013,91.9,1.4
22:01.0,1682227321,34.57,14,0.53,0.09,0.55,0.505,0.0031,0.0013,97.1,1.4
23:18.7,1682227398,157.01,2.23,0.41,0.1,0.62,0.504,0.0032,0.0013,94.7,1.4
24:36.3,1682227476,138.42,2.55,0.71,0.19,0.62,0.504,0.0032,0.0013,94.6,1.4
25:53.8,1682227553,50.83,2.01,0.05,0.1,0.53,0.504,0.0031,0.0013,95.8,1.4
27:11.3,1682227631,65.47,1.88,0.04,0.1,0.61,0.504,0.0031,0.0013,95.9,1.4
28:28.7,1682227708,62.9,2.16,0.63,0.08,0.54,0.504,0.0031,0.0013,93.1,1.4
29:46.3,1682227786,141.53,3,0.69,0.14,0.59,0.504,0.0032,0.0013,93.2,1.4
31:03.9,1682227863,24.19,2.09,0.68,0.1,0.61,0.504,0.0031,0.0013,90.3,1.4
32:21.4,1682227941,26.7,2.04,0.56,0.1,0.54,0.504,0.0031,0.0013,98.6,1.4
33:38.9,1682228018,62.04,2.11,0.15,0.09,0.6,0.504,0.0031,0.0013,97.2,1.4
34:56.4,1682228096,61.97,1.92,0.04,0.1,0.6,0.504,0.0031,0.0013,92.1,1.4
36:14.0,1682228173,140.15,14.14,0.71,0.21,0.57,0.504,0.0032,0.0013,92.1,1.4
37:31.5,1682228251,36.39,2.28,0.48,0.15,0.61,0.504,0.0031,0.0013,95.7,1.4
38:49.1,1682228329,61.81,2.01,0.37,0.08,0.54,0.504,0.0031,0.0013,94.5,1.4
40:06.6,1682228406,56.14,1.91,0.61,0.43,0.6,0.504,0.0031,0.0013,95.8,1.4
41:24.1,1682228484,52.11,1.89,0.63,0.14,0.6,0.505,0.0032,0.0013,94.5,1.4
42:41.7,1682228561,146.04,2.48,0.17,0.1,0.55,0.504,0.0031,0.0013,97.1,1.4
43:59.3,1682228639,67.24,4,0.62,0.17,0.6,0.504,0.0031,0.0013,94.4,1.4
45:16.8,1682228716,45.56,1.66,0.63,0.15,0.54,0.505,0.0032,0.0013,93.3,1.3
46:34.3,1682228794,119.71,2.18,0.59,0.18,0.6,0.505,0.0031,0.0013,90.8,1.4
47:51.8,1682228871,55.07,2.02,0.04,0.19,0.6,0.505,0.0031,0.0013,94.5,1.4
49:09.5,1682228949,161.46,4.93,1.31,0.47,0.55,0.505,0.0031,0.0013,90.2,1.4
50:27.1,1682229027,189.43,12.73,0.7,0.15,0.6,0.505,0.0031,0.0013,86.1,1.4
51:44.5,1682229104,60.39,2.1,0.44,0.11,0.54,0.505,0.0031,0.0013,93.2,1.4
53:02.0,1682229182,40.24,2.15,0.05,0.09,0.6,0.505,0.0031,0.0013,94.4,1.4
54:19.5,1682229259,57.81,4.07,0.62,0.08,0.6,0.505,0.0031,0.0013,94.6,1.4
55:37.1,1682229337,121.39,2.13,0.63,0.08,0.55,0.505,0.0032,0.0013,95.9,1.4
56:54.7,1682229414,52.07,2.05,0.57,0.11,0.61,0.505,0.0031,0.0013,90.6,1.4
58:12.1,1682229492,25.81,2.01,0.62,0.11,0.54,0.505,0.0032,0.0013,95.7,1.4
59:29.6,1682229569,62.95,4.69,0.55,0.31,0.6,0.505,0.0031,0.0013,91.7,1.4
00:47.1,1682229647,68.09,2.9,0.78,0.09,0.6,0.505,0.0032,0.0013,90.1,1.4
02:04.7,1682229724,158.85,2.03,0.04,0.13,0.55,0.505,0.0031,0.0013,94.5,1.4
03:22.2,1682229802,58.38,2,0.7,0.12,0.61,0.506,0.0031,0.0013,94.2,1.4
04:39.7,1682229879,66.47,3.95,0.41,0.11,0.54,0.505,0.0031,0.0013,97.3,1.4
05:57.2,1682229957,62.99,2.81,0.04,0.1,0.6,0.505,0.0031,0.0013,71.4,1.4
07:14.7,1682230034,166.58,2.98,0.73,0.11,0.6,0.505,0.0031,0.0013,97.3,1.4
08:32.3,1682230112,141.87,2.61,0.71,0.09,0.55,0.505,0.0032,0.0013,90.3,1.4
09:49.7,1682230189,101.52,4.02,0.56,0.26,0.6,0.505,0.0031,0.0013,97.1,1.4
11:07.1,1682230267,25.57,3.05,0.54,0.14,0.54,0.505,0.0031,0.0013,89.3,1.4
12:24.6,1682230344,120.01,2.41,0.53,0.2,0.6,0.505,0.0032,0.0013,97.1,1.4
13:42.2,1682230422,159.47,2.16,0.23,0.14,0.6,0.505,0.0031,0.0013,94.6,1.4
14:59.9,1682230499,30.28,3.86,0.74,0.1,0.54,0.505,0.0032,0.0013,89.7,1.4
16:17.3,1682230577,35.33,2.38,0.55,0.08,0.61,0.505,0.0031,0.0013,97.4,1.4
17:34.8,1682230654,83.67,2.01,0.04,0.09,0.54,0.505,0.0032,0.0013,97.3,1.4
18:52.4,1682230732,179.12,2.53,0.46,0.12,0.61,0.505,0.0031,0.0013,90,1.4
20:10.0,1682230809,162.05,4.18,0.79,0.15,0.61,0.506,0.0032,0.0013,93.1,1.4
21:27.6,1682230887,50.56,1.7,0.67,0.1,0.55,0.505,0.0031,0.0013,91.6,1.4
22:45.1,1682230965,50.44,2.08,0.55,0.08,0.6,0.505,0.0031,0.0013,88.2,1.4
24:02.6,1682231042,54.29,2.16,0.04,0.17,0.54,0.505,0.0031,0.0013,95.8,1.4
25:20.1,1682231120,62.24,4.32,0.6,0.09,0.61,0.506,0.0031,0.0013,98.6,1.4
26:37.6,1682231197,149.34,2.01,0.7,0.1,0.61,0.505,0.0031,0.0013,97.1,1.4
27:55.2,1682231275,28.66,2.24,0.56,0.14,0.55,0.505,0.0031,0.0013,94.3,1.4
29:12.7,1682231352,55.52,2.27,0.04,0.1,0.6,0.505,0.0031,0.0013,93.3,1.4
30:30.2,1682231430,142.37,4.42,0.05,0.25,0.54,0.505,0.0032,0.0013,97.2,1.4
31:47.7,1682231507,61.08,1.81,0.72,0.12,0.61,0.505,0.0031,0.0013,94.7,1.4
33:05.3,1682231585,142.79,1.88,0.75,0.09,0.61,0.505,0.0031,0.0013,93.2,1.4
34:22.8,1682231662,201.06,1.33,0.54,0.1,0.56,0.506,0.0033,0.0013,93.1,1.4
35:40.3,1682231740,73.94,2.14,0.07,0.09,0.61,0.505,0.0031,0.0013,94.5,1.4
36:57.8,1682231817,64.3,1.84,0.61,0.09,0.54,0.505,0.0031,0.0013,97.2,1.4
38:15.3,1682231895,22.68,2.68,0.55,0.09,0.6,0.505,0.0032,0.0013,94.5,1.4
39:33.0,1682231973,205.45,3.27,0.69,0.58,0.61,0.505,0.0031,0.0013,86.1,1.4
40:50.6,1682232050,125.09,2.79,0.23,0.51,0.56,0.505,0.0032,0.0013,94.5,1.4
42:08.1,1682232128,64.78,2.51,0.58,0.19,0.6,0.505,0.0031,0.0013,91.9,1.4
43:25.5,1682232205,60.81,1.8,0.6,0.09,0.6,0.505,0.0031,0.0013,94.4,1.4
44:43.1,1682232283,47.74,1.72,0.44,0.1,0.56,0.505,0.0031,0.0013,96,1.4
46:00.9,1682232360,164.49,1.7,0.68,0.13,0.61,0.505,0.0031,0.0013,90.5,1.4
47:18.5,1682232438,35.28,2.18,0.67,0.12,0.55,0.505,0.0031,0.0013,90.1,1.4
48:36.0,1682232516,134.55,1.91,0.04,0.09,0.6,0.505,0.0031,0.0013,98.6,1.4
49:53.6,1682232593,178.12,1.79,0.21,0.28,0.6,0.505,0.0031,0.0013,95.8,1.4
51:11.2,1682232671,257.04,2.91,0.73,0.36,0.54,0.506,0.0031,0.0013,97.3,1.4
52:28.9,1682232748,152.18,2.12,0.71,0.09,0.61,0.506,0.0031,0.0013,82.2,1.4
53:46.4,1682232826,70.1,2.12,0.28,0.15,0.54,0.506,0.0031,0.0013,96,1.4
55:04.0,1682232903,130.97,1.69,0.73,0.09,0.6,0.506,0.0031,0.0013,95.9,1.4
56:21.5,1682232981,25.97,1.94,0.76,0.12,0.6,0.506,0.0031,0.0013,98.6,1.4
57:39.2,1682233059,151.23,2.5,0.75,0.1,0.54,0.506,0.0031,0.0013,93,1.4
58:56.8,1682233136,135.43,2.38,0.68,0.26,0.6,0.506,0.0031,0.0013,97.1,1.4
00:14.3,1682233214,54.76,38.21,0.56,0.13,0.52,0.506,0.0033,0.0013,94.6,1.4
01:31.8,1682233291,170.46,2.14,0.67,0.19,0.61,0.506,0.0033,0.0013,86.9,1.4
02:49.4,1682233369,66.44,3.57,0.6,0.1,0.61,0.506,0.0033,0.0013,94.6,1.4
04:05.4,1682233445,157.47,1.79,0.23,0.13,0.55,0.506,0.0031,0.0013,94.5,1.4
05:23.1,1682233523,39.64,2.23,0.64,0.33,0.61,0.505,0.0031,0.0013,90.8,1.4
06:40.7,1682233600,36.78,1.97,0.47,0.1,0.55,0.506,0.0031,0.0013,83.5,1.4
07:58.2,1682233678,52.72,2.4,0.04,0.08,0.6,0.505,0.0031,0.0013,94.2,1.4
09:15.7,1682233755,69.25,1.89,0.58,0.15,0.6,0.505,0.0031,0.0013,91.8,1.4
10:33.3,1682233833,159.43,3.38,0.74,0.33,0.55,0.505,0.0031,0.0013,88.4,1.4
11:50.8,1682233910,55.86,2.65,0.61,0.35,0.61,0.505,0.0031,0.0013,89.5,1.4
13:08.4,1682233988,60.64,2.15,0.04,0.09,0.54,0.505,0.0033,0.0013,90.7,1.3
14:25.8,1682234065,61.32,2.02,0.05,0.15,0.6,0.505,0.0031,0.0013,97.1,1.4
15:43.3,1682234143,53.18,2.05,0.6,0.08,0.6,0.505,0.0031,0.0013,90.5,1.4
17:00.9,1682234220,138.87,2.57,0.65,0.09,0.55,0.505,0.0033,0.0013,98.6,1.4
18:18.5,1682234298,159.3,1.79,0.17,0.09,0.61,0.505,0.0031,0.0013,93.2,1.4
19:36.1,1682234376,47.73,1.79,0.58,0.14,0.54,0.505,0.0031,0.0013,94.6,1.4
20:53.7,1682234453,54.83,2.59,0.41,0.1,0.6,0.505,0.0031,0.0013,94.7,1.4
22:11.2,1682234531,61.39,2.84,0.65,0.08,0.6,0.505,0.0031,0.0013,95.7,1.4
23:28.8,1682234608,132.78,8.29,0.65,0.1,0.55,0.505,0.0031,0.0013,94.6,1.4
24:46.4,1682234686,174.72,1.82,0.04,0.09,0.61,0.504,0.0031,0.0013,95.7,1.4
26:03.8,1682234763,61.83,1.87,0.61,0.09,0.54,0.505,0.0031,0.0013,95.9,1.4
27:21.3,1682234841,60.85,1.9,0.69,0.1,0.61,0.505,0.0031,0.0013,92.2,1.4
28:38.8,1682234918,60.86,1.83,0.81,0.1,0.6,0.505,0.0032,0.0013,100,1.4
29:56.4,1682234996,199.74,3.93,1.12,0.39,0.55,0.505,0.0031,0.0013,88.3,1.4
31:13.9,1682235073,72.36,3.18,0.81,0.19,0.61,0.505,0.0033,0.0013,89.6,1.4
32:31.4,1682235151,64.62,3.75,0.04,0.09,0.54,0.505,0.0032,0.0013,94.5,1.4
33:48.9,1682235228,73.07,2.43,0.57,0.09,0.6,0.505,0.0031,0.0013,95.7,1.4
35:06.4,1682235306,156.77,1.46,0.58,0.09,0.6,0.505,0.0031,0.0013,97.2,1.4
36:24.0,1682235383,129.58,2.16,0.71,0.1,0.55,0.505,0.0031,0.0013,93.4,1.4
37:41.5,1682235461,71.52,2.87,0.26,0.05,0.61,0.504,0.0031,0.0013,94.6,1.4
38:58.9,1682235538,63.46,1.91,0.68,0.13,0.54,0.504,0.0031,0.0013,93.2,1.4
40:16.4,1682235616,76.53,18.34,0.58,0.11,0.6,0.504,0.0031,0.0013,100,1.4
41:34.0,1682235693,147.54,4.24,0.7,0.15,0.6,0.504,0.0031,0.0013,91.4,1.4
42:51.5,1682235771,136.83,2.24,1,0.19,0.55,0.505,0.0031,0.0013,94.3,1.4
44:09.0,1682235848,62.62,1.89,0.04,0.11,0.59,0.504,0.0031,0.0013,95.9,1.4
45:26.5,1682235926,36.87,1.73,0.63,0.08,0.54,0.505,0.0031,0.0013,95.7,1.4
46:44.0,1682236003,43.92,1.76,0.62,0.09,0.6,0.504,0.0032,0.0013,97.3,1.4
48:01.5,1682236081,134.66,2.42,0.78,0.1,0.6,0.505,0.0031,0.0013,98.6,1.4
49:19.0,1682236159,61.37,1.89,0.74,0.13,0.54,0.504,0.0031,0.0013,94.4,1.4
50:36.5,1682236236,62.16,1.73,0.61,0.33,0.6,0.504,0.0031,0.0013,95.8,1.4
51:54.0,1682236313,42.64,2.63,0.69,0.2,0.54,0.505,0.0032,0.0013,94.2,1.4
53:11.5,1682236391,43.08,2.21,0.1,0.09,0.6,0.504,0.0031,0.0013,97.3,1.4
54:29.0,1682236469,168.59,2.13,0.72,0.1,0.6,0.504,0.0031,0.0013,93.1,1.4
55:46.5,1682236546,28.33,2.12,0.54,0.09,0.55,0.505,0.0031,0.0013,87.1,1.4
57:04.0,1682236623,57.32,2.1,0.04,0.15,0.6,0.505,0.0031,0.0013,93.1,1.4
58:21.4,1682236701,29.47,1.83,0.61,0.14,0.54,0.505,0.0032,0.0013,94.4,1.4
59:38.9,1682236778,45.57,1.85,0.61,0.14,0.6,0.505,0.0031,0.0013,92.7,1.4
00:56.5,1682236856,126.78,2.77,0.48,0.33,0.61,0.505,0.0033,0.0013,92.1,1.4
02:14.1,1682236934,152.38,2.51,0.04,0.47,0.55,0.505,0.0031,0.0013,92,1.4
03:31.6,1682237011,45.13,1.99,0.6,0.1,0.6,0.505,0.0031,0.0013,91.8,1.4
04:49.0,1682237089,50.46,1.8,0.66,0.08,0.54,0.505,0.0032,0.0013,95.7,1.4
06:06.5,1682237166,64.91,2.23,0.57,0.08,0.6,0.505,0.0031,0.0013,94.6,1.4
07:24.1,1682237244,160.93,2.84,0.04,0.09,0.61,0.505,0.0031,0.0013,97.3,1.4
08:41.7,1682237321,161.12,0.98,0.62,0.11,0.55,0.505,0.0031,0.0013,94.5,1.4
09:59.3,1682237399,123.72,5.63,0.55,0.08,0.6,0.505,0.0032,0.0013,89.2,1.4
11:16.8,1682237476,35.95,2.96,0.61,0.3,0.54,0.505,0.0032,0.0013,95.7,1.4
12:34.3,1682237554,110.86,2.2,0.94,0.13,0.54,0.505,0.0031,0.0013,94.4,1.4
13:51.9,1682237631,173.4,2.03,0.62,0.11,0.61,0.505,0.0031,0.0013,93.1,1.4
15:09.5,1682237709,60.82,3.71,0.68,0.16,0.55,0.505,0.0031,0.0013,94.5,1.4
16:27.0,1682237787,76.91,1.69,0.56,0.09,0.6,0.505,0.0031,0.0013,87.7,1.4
17:44.5,1682237864,54.09,3.02,0.14,0.09,0.59,0.505,0.0031,0.0013,97.3,1.4
19:02.1,1682237942,257.81,2.17,0.34,0.08,0.61,0.505,0.0031,0.0013,95.8,1.4
20:19.8,1682238019,179.84,5.62,1.48,0.34,0.61,0.505,0.0032,0.0013,95.8,1.4
21:37.3,1682238097,72.29,2.71,0.59,0.12,0.55,0.505,0.0032,0.0013,97.3,1.4
22:54.8,1682238174,67.38,1.76,0.6,0.15,0.6,0.505,0.0031,0.0013,94.4,1.4
24:12.3,1682238252,51.81,2.05,0.59,0.15,0.6,0.505,0.0031,0.0013,84.3,1.4
25:29.8,1682238329,125.71,6.44,0.74,0.15,0.54,0.505,0.0031,0.0013,92,1.4
26:47.4,1682238407,165.84,2,0.04,0.11,0.6,0.505,0.0032,0.0013,97.2,1.4
28:05.0,1682238484,68.93,1.87,0.57,0.09,0.52,0.505,0.0031,0.0013,95.8,1.4
29:22.4,1682238562,99.87,2.25,0.75,0.18,0.6,0.505,0.0031,0.0013,93.2,1.4
30:39.9,1682238639,98.85,5.05,0.45,0.51,0.59,0.505,0.0031,0.0013,97.2,1.4
31:57.5,1682238717,158.91,2.36,0.27,0.24,0.54,0.505,0.0031,0.0013,96,1.4
33:15.1,1682238795,70.6,1.9,0.89,0.11,0.61,0.505,0.0031,0.0013,93.1,1.4
34:32.6,1682238872,29.22,2.21,0.73,0.1,0.54,0.505,0.0031,0.0013,95.8,1.4
35:50.1,1682238950,61.87,4.47,0.12,0.11,0.6,0.505,0.0031,0.0013,98.6,1.4
37:07.6,1682239027,61.81,1.94,0.61,0.1,0.59,0.505,0.0031,0.0013,94.7,1.4
38:25.2,1682239105,126.96,1.92,0.69,0.09,0.55,0.505,0.0031,0.0013,98.6,1.4
39:42.8,1682239182,46.9,2.22,0.16,0.11,0.62,0.505,0.0031,0.0013,86.5,1.4
41:00.5,1682239260,55.17,2.68,0.11,0.16,0.55,0.505,0.0031,0.0013,97.3,1.3
42:18.0,1682239337,46.9,2.43,0.04,0.1,0.61,0.505,0.0031,0.0013,97.2,1.4
43:35.5,1682239415,51.15,1.98,0.61,0.17,0.61,0.505,0.0031,0.0013,91.9,1.4
44:53.2,1682239493,133.64,2.71,0.74,0.11,0.56,0.504,0.0033,0.0013,93.3,1.4
46:10.8,1682239570,68.8,2.06,0.16,0.11,0.62,0.504,0.0031,0.0013,93,1.4
47:28.3,1682239648,30.3,2.72,0.7,0.08,0.54,0.504,0.0031,0.0013,90.8,1.4
48:45.8,1682239725,23.44,2.03,0.56,0.08,0.6,0.504,0.0032,0.0013,95.8,1.4
50:03.4,1682239803,60.86,1.98,0.14,0.12,0.59,0.504,0.0031,0.0013,97.1,1.4
51:21.1,1682239881,163.59,13.43,0.32,0.35,0.55,0.504,0.0031,0.0013,95.8,1.4
52:38.7,1682239958,153.3,1.03,0.59,0.08,0.61,0.504,0.0032,0.0013,90.9,1.4
53:56.2,1682240036,27.83,2.56,0.53,0.11,0.54,0.504,0.0032,0.0013,91.9,1.4
55:13.6,1682240113,57.72,2.01,0.54,0.11,0.59,0.504,0.0031,0.0013,93.1,1.4
56:31.0,1682240191,51.41,2.12,0.04,0.08,0.6,0.504,0.0031,0.0013,93.1,1.4
57:48.7,1682240268,124.2,1.95,0.82,0.09,0.55,0.504,0.0031,0.0013,90.5,1.4
59:06.3,1682240346,68.86,2.79,0.58,0.21,0.61,0.504,0.0031,0.0013,90.6,1.4
00:23.8,1682240423,58.2,1.93,0.71,0.5,0.54,0.504,0.0032,0.0013,94.5,1.4
01:41.3,1682240501,55.56,2.31,0.04,0.1,0.6,0.504,0.0031,0.0013,93.1,1.4
02:58.8,1682240578,164.28,2.13,0.04,0.08,0.59,0.504,0.0031,0.0013,94.6,1.4
04:16.4,1682240656,154.92,2.93,0.72,0.1,0.55,0.504,0.0031,0.0013,91.9,1.4
05:33.9,1682240733,26.87,2.33,0.63,0.2,0.61,0.504,0.0031,0.0013,97.2,1.4
06:51.4,1682240811,62.71,2.02,0.04,0.15,0.54,0.504,0.0031,0.0013,97.1,1.4
08:08.9,1682240888,63.38,2,0.5,0.09,0.59,0.504,0.0031,0.0013,91.6,1.4
09:26.4,1682240966,159.3,2.04,0.64,0.15,0.59,0.504,0.0031,0.0013,95.7,1.4
10:44.1,1682241044,140.6,3.47,1.32,0.12,0.54,0.504,0.0031,0.0013,93,1.4
12:01.6,1682241121,38.73,3.15,0.65,0.2,0.59,0.504,0.0031,0.0013,97.2,1.4
13:19.1,1682241199,59.79,1.95,0.04,0.09,0.54,0.504,0.0031,0.0013,94.6,1.4
14:36.5,1682241276,60.82,2.09,0.59,0.09,0.6,0.504,0.0031,0.0013,93,1.4
15:54.0,1682241354,152.5,17.29,0.67,0.17,0.59,0.504,0.0032,0.0013,91.7,1.4
17:11.6,1682241431,155.7,2.38,0.05,0.14,0.55,0.504,0.0031,0.0013,95.9,1.4
18:29.1,1682241509,75.29,1.9,0.04,0.1,0.59,0.504,0.0031,0.0013,90.8,1.4
19:46.5,1682241586,61.46,2.08,0.58,0.09,0.54,0.504,0.0031,0.0013,94.5,1.4
21:04.0,1682241663,53.98,1.96,0.56,0.12,0.6,0.504,0.0032,0.0013,97.3,1.4
22:21.6,1682241741,168.73,1.97,0.81,0.16,0.6,0.504,0.0032,0.0013,95.7,1.4
23:39.1,1682241819,34.29,2.93,0.55,0.09,0.55,0.504,0.0031,0.0013,90.4,1.4
24:56.6,1682241896,113.25,9.58,0.25,0.08,0.6,0.504,0.0031,0.0013,94.3,1.4
26:14.0,1682241974,60.2,1.8,0.04,0.12,0.54,0.504,0.0031,0.0013,95.8,1.4
27:31.6,1682242051,80.39,1.98,0.58,0.13,0.59,0.504,0.0031,0.0013,95.8,1.4
28:49.1,1682242129,121.63,2.29,0.65,0.1,0.6,0.504,0.0031,0.0013,91.8,1.4
30:06.7,1682242206,66.07,1.83,0.49,0.18,0.54,0.504,0.0031,0.0013,90.6,1.4
31:24.2,1682242284,49.49,2.15,0.27,0.15,0.59,0.507,0.0031,0.0013,95.9,1.4
32:41.6,1682242361,59.59,2.71,0.04,0.09,0.55,0.507,0.0031,0.0013,95.9,1.4
33:59.1,1682242439,158.61,2.04,0.6,0.11,0.6,0.507,0.0031,0.0013,90.6,1.4
35:16.8,1682242516,131.18,2.77,0.65,0.21,0.61,0.508,0.0031,0.0013,90,1.4
36:34.3,1682242594,157.82,2.71,0.33,0.14,0.55,0.508,0.0031,0.0013,91.3,1.4
37:51.8,1682242671,58.64,1.73,0.68,0.09,0.6,0.508,0.0031,0.0013,94.6,1.4
39:09.3,1682242749,64.67,3.98,0.54,0.09,0.54,0.508,0.0032,0.0013,95.9,1.4
40:26.8,1682242826,172.88,2.47,0.04,0.09,0.62,0.508,0.0031,0.0013,97.4,1.4
41:44.4,1682242904,154.4,2.04,0.72,0.17,0.61,0.508,0.0031,0.0013,93,1.4
43:02.1,1682242982,165.44,1.05,0.79,0.38,0.56,0.508,0.0033,0.0013,94.3,1.4
44:19.6,1682243059,24.71,4,0.58,0.2,0.6,0.508,0.0031,0.0013,94.7,1.4
45:37.1,1682243137,49.86,2.15,0.04,0.09,0.54,0.509,0.0031,0.0013,95.7,1.4
46:54.6,1682243214,48.83,1.88,0.69,0.15,0.62,0.508,0.0031,0.0013,90.8,1.4
48:12.2,1682243292,134.43,2.35,0.72,0.16,0.62,0.509,0.0031,0.0013,88.9,1.4
49:29.7,1682243369,62.68,3.93,0.04,0.21,0.56,0.509,0.0031,0.0013,92.9,1.4
50:47.3,1682243447,104.61,3.11,1.27,0.5,0.6,0.509,0.0032,0.0013,95.8,1.4
52:04.8,1682243524,40.94,2.91,0.74,0.2,0.54,0.508,0.0032,0.0013,94.5,1.4
53:22.4,1682243602,130.83,2.12,0.69,0.09,0.62,0.509,0.0034,0.0013,96,1.4
54:39.9,1682243679,162.52,5.01,0.04,0.1,0.61,0.509,0.0031,0.0013,85.7,1.4
55:57.4,1682243757,51.67,2.5,0.8,0.05,0.56,0.509,0.0032,0.0013,89.2,1.4
57:14.9,1682243834,21.13,2.2,0.57,0.09,0.61,0.508,0.0033,0.0013,98.6,1.4
58:32.4,1682243912,71.87,2.33,0.52,0.12,0.55,0.508,0.0031,0.0013,93.5,1.4
59:49.9,1682243989,161.79,4.6,0.08,0.09,0.6,0.508,0.0031,0.0013,94.5,1.4
01:07.5,1682244067,192.12,3.67,0.82,0.47,0.62,0.508,0.0032,0.0013,97.2,1.4
02:25.0,1682244145,53.85,1.83,0.73,0.18,0.53,0.508,0.0031,0.0013,97.3,1.4
03:42.5,1682244222,51.49,1.85,0.6,0.08,0.61,0.508,0.0031,0.0013,95.8,1.4
05:00.0,1682244299,68.71,4.17,0.69,0.12,0.6,0.508,0.0031,0.0013,92.8,1.4
06:17.7,1682244377,258.76,3.67,0.48,0.1,0.56,0.508,0.0031,0.0013,95.9,1.4
07:35.3,1682244455,188.16,1.92,0.7,0.11,0.61,0.508,0.0031,0.0013,94.5,1.4
08:52.8,1682244532,136.18,2.1,0.55,0.08,0.55,0.508,0.0031,0.0013,94.4,1.4
10:10.3,1682244610,39.42,2.44,0.49,0.19,0.6,0.508,0.0031,0.0013,94.7,1.4
11:27.7,1682244687,25.08,3.46,0.7,0.16,0.6,0.508,0.0032,0.0013,95.9,1.4
12:45.4,1682244765,156.42,3.08,0.07,0.41,0.56,0.508,0.0032,0.0013,94.4,1.4
14:03.1,1682244843,112.37,1.74,0.82,0.12,0.61,0.508,0.0031,0.0013,94.4,1.4
15:20.7,1682244920,35.55,2.46,0.65,0.08,0.54,0.508,0.0032,0.0013,94.3,1.4
16:38.1,1682244998,64.25,2.45,0.61,0.09,0.62,0.508,0.0031,0.0013,98.6,1.4
17:55.6,1682245075,70.63,2.23,0.05,0.09,0.62,0.508,0.0031,0.0013,94.4,1.4
19:13.2,1682245153,172.29,2.32,0.7,0.14,0.56,0.508,0.0031,0.0013,92.8,1.4
20:30.8,1682245230,21.21,2.07,0.54,0.1,0.62,0.508,0.0031,0.0013,97.3,1.4
21:48.2,1682245308,21.73,2.15,0.79,0.43,0.56,0.508,0.0031,0.0013,88,1.4
23:05.7,1682245385,14.54,3.59,0.56,0.22,0.61,0.508,0.0031,0.0013,93.3,1.4
24:23.2,1682245463,61.4,2.19,0.04,0.09,0.61,0.507,0.0031,0.0013,90.2,1.4
25:40.9,1682245540,173.28,2.55,0.69,0.1,0.55,0.508,0.0031,0.0013,84.7,1.4
26:58.5,1682245618,148.6,1.03,0.59,0.09,0.62,0.508,0.0031,0.0013,90.9,1.4
28:16.0,1682245695,33.21,2.85,0.34,0.11,0.54,0.508,0.0031,0.0013,97.2,1.4
29:33.4,1682245773,66.56,1.99,0.05,0.09,0.6,0.508,0.0031,0.0013,95.9,1.4
30:51.0,1682245850,35.69,1.87,0.57,0.08,0.6,0.508,0.0031,0.0013,95.9,1.4
32:08.6,1682245928,146.26,1.91,0.67,0.16,0.56,0.508,0.0031,0.0013,90.1,1.4
33:26.1,1682246006,127.82,2.37,0.65,0.09,0.62,0.509,0.0031,0.0013,94.3,1.4
34:43.6,1682246083,62.84,2.09,0.04,0.09,0.54,0.508,0.0031,0.0013,98.5,1.4
36:01.0,1682246161,62.52,2,0.6,0.16,0.6,0.508,0.0031,0.0013,89,1.4
37:18.6,1682246238,51.84,1.83,0.57,0.19,0.6,0.508,0.0031,0.0013,91.3,1.4
38:36.2,1682246316,143.47,2.38,0.22,0.09,0.56,0.508,0.0031,0.0013,94.5,1.4
39:53.7,1682246393,65.11,2.09,0.05,0.12,0.62,0.508,0.0031,0.0013,92.9,1.4
41:11.2,1682246471,80.67,18.78,1.21,0.26,0.54,0.508,0.0032,0.0013,95.8,1.4
42:28.7,1682246548,53.02,1.76,0.62,0.31,0.6,0.508,0.0032,0.0013,94.5,1.4
43:46.3,1682246626,222.86,2.21,0.64,0.09,0.6,0.508,0.0031,0.0013,94.3,1.4
45:03.9,1682246703,156.55,2.47,0.15,0.1,0.56,0.508,0.0031,0.0013,91.3,1.4
46:21.5,1682246781,62.14,2.02,0.6,0.09,0.59,0.508,0.0031,0.0013,100,1.4
47:39.0,1682246858,45.39,1.68,0.6,0.13,0.54,0.508,0.0032,0.0013,98.6,1.4
48:56.4,1682246936,24.61,2.14,0.55,0.09,0.6,0.508,0.0032,0.0013,92,1.4
50:14.0,1682247014,162.77,14.34,0.24,0.09,0.6,0.508,0.0031,0.0013,98.6,1.4
51:31.7,1682247091,159.26,1.9,0.75,0.2,0.56,0.509,0.0031,0.0013,94.4,1.4
52:49.2,1682247169,69.59,4.03,0.72,0.17,0.61,0.509,0.0031,0.0013,95.8,1.4
54:06.7,1682247246,28.79,2.3,0.57,0.11,0.55,0.509,0.0031,0.0013,93.1,1.4
55:24.2,1682247324,31.27,2.64,0.42,0.08,0.6,0.509,0.0031,0.0013,98.6,1.4
56:41.7,1682247401,160.74,2.29,0.04,0.19,0.6,0.509,0.0031,0.0013,95.8,1.4
57:59.4,1682247479,49.28,3,0.81,0.13,0.56,0.509,0.0031,0.0013,85.5,1.4
59:16.8,1682247556,50.96,2.13,0.18,0.12,0.6,0.509,0.0031,0.0013,97.2,1.4
00:34.3,1682247634,71.72,2.05,0.49,0.11,0.55,0.509,0.0031,0.0013,96,1.4
01:51.8,1682247711,58.2,3.06,0.58,0.07,0.6,0.509,0.0031,0.0013,94.4,1.4
03:09.5,1682247789,169.88,4.31,0.96,0.48,0.62,0.51,0.0032,0.0013,94.6,1.4
04:27.0,1682247867,27.43,2.15,0.54,0.13,0.55,0.509,0.0031,0.0013,91.4,1.4
05:44.6,1682247944,65.06,2.47,0.05,0.09,0.6,0.509,0.0031,0.0013,95.7,1.4
07:02.0,1682248022,61.74,1.9,0.57,0.11,0.54,0.509,0.0031,0.0013,87.5,1.4
08:19.5,1682248099,60.11,3.4,0.61,0.1,0.6,0.509,0.0031,0.0013,95.7,1.4
09:37.1,1682248177,128.86,2.2,0.61,0.12,0.61,0.51,0.0032,0.0013,95.7,1.4
10:54.7,1682248254,153.34,1.8,0.61,0.11,0.56,0.509,0.0031,0.0013,93.1,1.4
12:12.2,1682248332,61.59,1.6,0.93,0.31,0.6,0.51,0.0032,0.0013,95.8,1.4
13:29.7,1682248409,60.1,4.64,0.58,0.14,0.6,0.51,0.0031,0.0013,94.4,1.4
14:47.2,1682248487,57.6,1.77,0.62,0.1,0.56,0.509,0.0032,0.0013,97.2,1.4
16:04.8,1682248564,157.24,2.28,0.04,0.09,0.61,0.509,0.0031,0.0013,90.1,1.4
17:22.4,1682248642,162.04,1.83,0.65,0.09,0.56,0.509,0.0031,0.0013,91.6,1.4
18:39.9,1682248719,22.44,4,0.56,0.09,0.6,0.509,0.0032,0.0013,94.5,1.4
19:57.4,1682248797,43.36,2.34,0.06,0.09,0.6,0.509,0.0031,0.0013,95.8,1.4
21:14.9,1682248874,41.27,2.24,0.1,0.09,0.55,0.509,0.0031,0.0013,97.3,1.4
22:32.5,1682248952,149.67,3.3,0.15,0.36,0.61,0.509,0.0031,0.0013,92.9,1.4
23:50.0,1682249030,65.76,3.88,0.77,0.2,0.56,0.509,0.0031,0.0013,90.3,1.4
25:07.6,1682249107,124.26,2.09,0.64,0.09,0.6,0.509,0.0032,0.0013,97.2,1.4
26:25.1,1682249185,36.91,2.39,0.53,0.09,0.6,0.509,0.0031,0.0013,91.6,1.4
27:42.6,1682249262,154.83,2.16,0.04,0.09,0.54,0.509,0.0031,0.0013,97.2,1.4
29:00.2,1682249340,172.93,4.42,0.18,0.13,0.62,0.509,0.0031,0.0013,94.5,1.4
30:17.7,1682249417,61.83,1.77,0.67,0.19,0.55,0.509,0.0031,0.0013,97.2,1.4
31:35.2,1682249495,78.06,2.95,1.15,0.43,0.6,0.509,0.0032,0.0013,93.2,1.4
32:52.7,1682249572,34.24,2.96,0.65,0.36,0.6,0.509,0.0032,0.0013,93,1.4
34:10.2,1682249650,164.84,6.62,0.15,0.09,0.54,0.509,0.0032,0.0013,89.3,1.4
35:27.8,1682249727,159.58,1.94,0.56,0.09,0.62,0.509,0.0031,0.0013,96,1.4
36:45.3,1682249805,27.68,1.7,1.03,0.09,0.56,0.509,0.0031,0.0013,94.6,1.4
38:02.8,1682249882,31.69,2.32,0.65,0.09,0.6,0.509,0.0031,0.0013,95.9,1.4
39:20.2,1682249960,64.97,2.14,0.04,0.09,0.6,0.509,0.0031,0.0013,95.9,1.4
40:37.8,1682250037,134.02,1.81,0.94,0.1,0.54,0.509,0.0031,0.0013,98.6,1.4
41:55.3,1682250115,34.29,1.89,0.7,0.1,0.61,0.509,0.0032,0.0013,87.5,1.4
43:12.8,1682250192,38.12,2.94,0.66,0.28,0.54,0.509,0.0032,0.0013,83.6,1.4
44:30.3,1682250270,147.38,1.88,0.35,0.09,0.6,0.509,0.0031,0.0013,93.3,1.4
45:47.8,1682250347,161.8,2.08,0.04,0.1,0.6,0.509,0.0031,0.0013,97.1,1.4
47:05.5,1682250425,271.59,1.69,0.68,0.15,0.56,0.509,0.0031,0.0013,95.7,1.4
48:23.1,1682250503,60.89,2.29,0.72,0.08,0.62,0.509,0.0031,0.0013,88.2,1.4
49:40.6,1682250580,70.3,2.3,0.04,0.1,0.55,0.509,0.0031,0.0013,91.6,1.4
50:58.1,1682250658,63.82,1.93,0.57,0.1,0.61,0.509,0.0031,0.0013,98.6,1.4
52:15.6,1682250735,52.86,1.43,0.72,0.09,0.6,0.509,0.0031,0.0013,95.8,1.4
53:33.3,1682250813,145.35,2.29,0.79,0.33,0.56,0.509,0.0031,0.0013,83.1,1.4
54:50.9,1682250890,214.51,1.99,0.04,0.09,0.61,0.509,0.0031,0.0013,90.6,1.4
56:08.4,1682250968,60.95,2.09,0.04,0.16,0.54,0.509,0.0031,0.0013,91.8,1.4
57:25.9,1682251045,62.44,1.77,0.64,0.13,0.62,0.509,0.0031,0.0013,87.1,1.4
58:43.3,1682251123,48.77,2.14,0.61,0.26,0.62,0.51,0.0031,0.0013,89.5,1.4
00:01.0,1682251201,160.89,2.33,0.2,0.11,0.57,0.51,0.0031,0.0013,92.8,1.4
01:18.6,1682251278,161.71,3.32,0.59,0.29,0.63,0.51,0.0031,0.0013,94.8,1.4
02:36.1,1682251356,41.74,1.78,0.63,0.09,0.56,0.51,0.0032,0.0013,97.3,1.4
03:53.6,1682251433,55.6,2.09,0.61,0.12,0.6,0.51,0.0031,0.0013,93,1.4
05:11.1,1682251511,63.24,2.19,0.04,0.2,0.6,0.51,0.0031,0.0013,91.9,1.4
06:28.7,1682251588,163.54,1.79,0.74,0.09,0.56,0.51,0.0032,0.0013,85.3,1.4
07:46.3,1682251666,32.51,2.32,0.7,0.14,0.62,0.51,0.0031,0.0013,97.1,1.4
09:03.8,1682251743,56.1,2.59,0.04,0.11,0.55,0.51,0.0031,0.0013,97.2,1.4
10:21.3,1682251821,67.17,2.43,0.34,0.1,0.6,0.51,0.0031,0.0013,97.2,1.4
11:38.8,1682251898,122.04,1.71,0.58,0.08,0.6,0.51,0.0031,0.0013,87.7,1.4
12:56.5,1682251976,181.54,3.37,0.64,0.17,0.56,0.51,0.0033,0.0013,81.3,1.4
14:14.0,1682252053,60.42,2.14,0.05,0.1,0.61,0.51,0.0032,0.0013,94.2,1.4
15:31.5,1682252131,61.8,1.74,0.5,0.09,0.54,0.51,0.0031,0.0013,95.9,1.4
16:48.9,1682252208,82.92,1.73,0.6,0.09,0.6,0.51,0.0031,0.0013,94.5,1.4
18:06.4,1682252286,145.56,1.85,0.59,0.1,0.6,0.51,0.0031,0.0013,92.9,1.4
19:24.0,1682252364,203.59,3.3,0.2,0.14,0.55,0.51,0.0031,0.0013,90.2,1.4
20:41.5,1682252441,59.13,2.63,0.56,0.13,0.6,0.51,0.0031,0.0013,94.4,1.4
21:59.0,1682252518,58.83,3.09,1.16,0.38,0.55,0.51,0.0031,0.0013,97.2,1.4
23:16.4,1682252596,71.38,2.84,0.58,0.42,0.6,0.51,0.0032,0.0013,95.8,1.4
24:34.0,1682252673,156.82,1.83,0.88,0.21,0.6,0.51,0.0031,0.0013,98.6,1.4
25:51.6,1682252751,48.36,2.37,0.62,0.1,0.56,0.51,0.0033,0.0013,94.6,1.4
27:09.1,1682252829,58.46,2.04,0.04,0.09,0.61,0.51,0.0032,0.0013,94.5,1.4
28:26.6,1682252906,60.84,1.94,0.49,0.09,0.55,0.511,0.0031,0.0013,96,1.4
29:44.1,1682252984,69.48,2,0.59,0.1,0.6,0.511,0.0032,0.0013,95.8,1.4
31:01.6,1682253061,123.29,2.2,0.64,0.1,0.6,0.511,0.0031,0.0013,95.8,1.4
32:19.2,1682253139,69.11,2.8,0.1,0.2,0.55,0.511,0.0031,0.0013,91.4,1.4
33:36.8,1682253216,72.08,2.59,0.86,0.28,0.6,0.511,0.0031,0.0013,91.8,1.4
34:54.2,1682253294,29.63,1.77,0.7,0.12,0.54,0.511,0.0031,0.0013,97.2,1.4
36:11.8,1682253371,65.78,1.73,0.6,0.09,0.6,0.511,0.0032,0.0013,95.8,1.4
37:29.4,1682253449,118.93,3.57,0.78,0.09,0.61,0.512,0.0031,0.0013,93,1.4
38:46.9,1682253526,59.45,2.1,0.58,0.1,0.55,0.512,0.0031,0.0013,94.4,1.4
40:04.4,1682253604,147.46,1.82,0.56,0.09,0.6,0.512,0.0031,0.0013,89.7,1.4
41:21.9,1682253681,45.8,2.14,0.05,0.24,0.54,0.512,0.0031,0.0013,93.3,1.4
42:39.4,1682253759,206.19,30.23,0.28,0.1,0.6,0.512,0.0031,0.0013,97.2,1.4
43:57.0,1682253837,177.46,2.27,0.38,0.12,0.61,0.512,0.0031,0.0013,93.1,1.4
45:14.5,1682253914,149.53,50.06,0.81,0.13,0.55,0.512,0.0031,0.0013,94.2,1.4
46:32.1,1682253992,36.11,2.21,0.6,0.09,0.6,0.512,0.0034,0.0013,95.7,1.4
47:49.5,1682254069,100.75,3.7,0.04,0.09,0.54,0.512,0.0031,0.0013,95.9,1.4
49:07.1,1682254147,151.28,2.89,0.6,0.15,0.62,0.512,0.0031,0.0013,98.6,1.4
50:24.7,1682254224,135.99,2.22,0.78,0.13,0.61,0.512,0.0032,0.0013,85.2,1.4
51:42.2,1682254302,183.91,9.47,0.04,0.09,0.56,0.511,0.0031,0.0013,93,1.4
52:59.7,1682254379,54.73,3.56,0.04,0.1,0.6,0.511,0.0032,0.0013,97.3,1.4
54:17.2,1682254457,52.82,2.18,0.33,0.37,0.54,0.512,0.0031,0.0013,95.7,1.4
55:34.8,1682254534,175.65,1.91,0.69,0.09,0.62,0.512,0.0031,0.0013,97.2,1.4
56:52.4,1682254612,132.83,2.26,0.63,0.09,0.61,0.512,0.0031,0.0013,93.2,1.4
58:09.9,1682254689,61.71,3.6,0.72,0.12,0.56,0.512,0.0031,0.0013,91.6,1.4
59:27.4,1682254767,60.78,1.93,0.6,0.08,0.6,0.512,0.0032,0.0013,94.6,1.4
00:44.8,1682254844,27.01,2.55,0.64,0.09,0.54,0.512,0.0031,0.0013,91.9,1.4
02:02.3,1682254922,156.2,3.32,0.33,0.56,0.62,0.512,0.0032,0.0013,95.8,1.4
03:20.1,1682255000,237.27,3.77,0.25,0.13,0.63,0.512,0.0031,0.0013,90.7,1.4
04:37.6,1682255077,59.43,2.34,0.66,0.12,0.55,0.512,0.0031,0.0013,95.9,1.4
05:55.1,1682255155,62.26,1.81,0.62,0.09,0.61,0.512,0.0031,0.0013,92,1.4
07:12.6,1682255232,46.87,1.9,0.98,0.1,0.55,0.512,0.0032,0.0013,90.1,1.4
08:30.2,1682255310,148.08,3.99,0.6,0.17,0.62,0.512,0.0031,0.0013,95.6,1.4
09:47.8,1682255387,43.23,2.23,0.05,0.09,0.62,0.512,0.0031,0.0013,92.9,1.4
11:05.3,1682255465,57.4,1.67,0.63,0.08,0.56,0.512,0.0031,0.0013,94.5,1.4
12:22.8,1682255542,80.22,4.57,1.2,0.26,0.62,0.512,0.0031,0.0013,97.1,1.4
13:40.3,1682255620,50.44,1.98,0.64,0.33,0.55,0.512,0.0033,0.0013,90,1.4
14:57.9,1682255697,132.34,2.92,0.96,0.15,0.56,0.512,0.0031,0.0013,97.1,1.4
16:15.5,1682255775,61.26,1.96,0.06,0.15,0.61,0.512,0.0031,0.0013,95.7,1.4
17:32.9,1682255852,73.94,2.05,0.13,0.14,0.55,0.511,0.0031,0.0013,87.3,1.4
18:50.3,1682255930,64.68,2.14,0.62,0.1,0.61,0.511,0.0031,0.0013,93.4,1.4
20:07.8,1682256007,45.18,2.2,0.61,0.09,0.61,0.512,0.0033,0.0013,94.4,1.4
21:25.5,1682256085,136.68,2.76,0.5,0.09,0.56,0.511,0.0032,0.0013,95.9,1.4
22:43.1,1682256163,92.57,2.02,0.41,0.1,0.61,0.511,0.0031,0.0013,89,1.4
24:00.6,1682256240,159.97,2.4,0.56,0.16,0.55,0.511,0.0031,0.0013,98.6,1.4
25:18.3,1682256318,162.87,1.91,0.63,0.1,0.6,0.511,0.0031,0.0013,94.4,1.4
26:35.8,1682256395,126.52,1.72,0.57,0.08,0.6,0.511,0.0031,0.0013,94.3,1.4
27:53.4,1682256473,154.53,2.46,0.84,0.16,0.56,0.511,0.0031,0.0013,94.5,1.4
29:11.1,1682256551,163.96,1.35,0.16,0.1,0.62,0.511,0.0031,0.0013,98.6,1.4
30:28.6,1682256628,54.42,1.89,0.69,0.09,0.55,0.511,0.0032,0.0013,93.5,1.4
31:46.1,1682256706,33.75,2.12,0.66,0.17,0.6,0.511,0.0031,0.0013,91.3,1.4
33:03.6,1682256783,97.2,3.85,0.69,0.17,0.6,0.511,0.0031,0.0013,94.5,1.4
34:21.3,1682256861,155.03,2.69,0.04,0.09,0.57,0.511,0.0031,0.0013,95.7,1.4
35:38.8,1682256938,142.92,2.34,0.2,0.28,0.63,0.511,0.0031,0.0013,91.7,1.4
36:56.3,1682257016,60.89,2.12,0.62,0.1,0.56,0.511,0.0031,0.0013,97.2,1.4
38:13.7,1682257093,65.59,1.74,0.72,0.1,0.62,0.511,0.0032,0.0013,97.2,1.4
39:31.2,1682257171,75.25,2.29,0.57,0.09,0.62,0.511,0.0031,0.0013,89.2,1.4
40:48.8,1682257248,153.51,2.45,0.17,0.16,0.57,0.511,0.0031,0.0013,94.4,1.4
42:06.4,1682257326,62.54,2.62,0.56,0.23,0.63,0.511,0.0031,0.0013,90.7,1.4
43:23.9,1682257403,56.51,3.68,0.16,0.17,0.55,0.511,0.0031,0.0013,87.7,1.4
44:41.4,1682257481,71.32,4.02,0.04,0.12,0.6,0.511,0.0031,0.0013,90.6,1.4
45:59.0,1682257558,170.88,2.11,0.59,0.11,0.61,0.511,0.0031,0.0013,97.2,1.4
47:16.5,1682257636,142.07,2.15,0.81,0.09,0.56,0.511,0.0033,0.0013,91.8,1.4
48:34.0,1682257713,59.61,2.19,0.42,0.16,0.6,0.511,0.0032,0.0013,94.6,1.5
49:51.4,1682257791,62.7,2.15,0.04,0.09,0.55,0.511,0.0031,0.0013,95.9,1.4
51:08.9,1682257868,62.41,2.01,0.61,0.1,0.6,0.511,0.0031,0.0013,96,1.4
52:26.6,1682257946,183.27,3.1,1.21,0.5,0.6,0.511,0.0032,0.0013,95.9,1.4
53:44.1,1682258024,128.57,3.05,0.53,0.2,0.56,0.511,0.0031,0.0013,93.2,1.4
55:01.7,1682258101,60.69,2.17,0.04,0.09,0.62,0.511,0.0031,0.0013,96,1.4
56:19.2,1682258179,100.75,2.03,0.04,0.13,0.55,0.511,0.0031,0.0013,94.5,1.4
57:36.8,1682258256,23.83,1.79,0.6,0.08,0.61,0.511,0.0031,0.0013,95.9,1.4
58:54.3,1682258334,134.77,2.42,0.83,0.1,0.6,0.511,0.0032,0.0013,97.3,1.4
00:11.8,1682258411,39.33,1.97,0.7,0.1,0.56,0.511,0.0031,0.0013,91.9,1.4
01:29.3,1682258489,95.05,3.03,0.54,0.11,0.6,0.511,0.0033,0.0013,90.4,1.4
02:46.8,1682258566,57.34,2.86,0.1,0.1,0.55,0.511,0.0031,0.0013,97,1.4
04:04.3,1682258644,143.98,2.2,0.05,0.16,0.61,0.511,0.0031,0.0013,88.8,1.4
05:22.0,1682258721,162.3,2.49,0.72,0.19,0.62,0.511,0.0031,0.0013,95.7,1.4
06:39.5,1682258799,65.5,2.98,0.56,0.14,0.56,0.51,0.0032,0.0013,94.3,1.4
07:57.0,1682258877,44.71,2.56,0.25,0.13,0.61,0.51,0.0032,0.0013,97.2,1.4
09:14.5,1682258954,62.73,1.99,0.62,0.19,0.55,0.51,0.0031,0.0013,96,1.4
10:32.0,1682259032,162.58,2.52,0.63,0.1,0.62,0.51,0.0031,0.0013,97.2,1.4
11:49.6,1682259109,137.76,3.17,0.48,0.1,0.61,0.51,0.0031,0.0013,90.7,1.4
13:07.2,1682259187,147.9,3.17,0.04,0.52,0.56,0.51,0.0031,0.0013,95.8,1.4
14:24.7,1682259264,103.14,1.99,0.61,0.29,0.61,0.51,0.0031,0.0013,98.6,1.4
15:42.2,1682259342,57.23,1.77,0.6,0.07,0.55,0.51,0.0031,0.0013,97.2,1.4
16:59.7,1682259419,123.99,3.14,0.73,0.09,0.62,0.51,0.0031,0.0013,96,1.4
18:17.4,1682259497,159.97,2.14,0.28,0.09,0.61,0.509,0.0031,0.0013,94.5,1.4
19:35.0,1682259574,137.56,1.45,0.58,0.19,0.56,0.509,0.0032,0.0013,91.8,1.4
20:52.4,1682259652,26.51,2.08,0.58,0.14,0.61,0.509,0.0032,0.0013,97.1,1.4
22:09.9,1682259729,61.21,3.44,0.04,0.09,0.55,0.509,0.0031,0.0013,97.2,1.4
23:27.3,1682259807,55.94,2.05,0.05,0.14,0.62,0.509,0.0031,0.0013,97.2,1.4
24:44.9,1682259884,159.36,3,0.72,0.34,0.62,0.509,0.0032,0.0013,90.3,1.4
26:02.4,1682259962,34.24,2.19,0.68,0.24,0.56,0.509,0.0031,0.0013,87.7,1.4
27:19.9,1682260039,60.53,3.15,0.46,0.1,0.6,0.509,0.0031,0.0013,94.4,1.4
28:37.4,1682260117,63.57,2.04,0.63,0.1,0.55,0.509,0.0031,0.0013,95.9,1.4
29:55.0,1682260195,120.85,1.84,0.69,0.19,0.62,0.509,0.0031,0.0013,93.2,1.4
31:12.7,1682260272,137.88,3.02,0.33,0.08,0.61,0.509,0.0031,0.0013,93.1,1.4
32:30.2,1682260350,44.19,3.5,0.72,0.07,0.56,0.509,0.0031,0.0013,90.2,1.4
33:47.7,1682260427,50.08,2.79,0.6,0.16,0.62,0.509,0.0031,0.0013,95.8,1.4
35:05.1,1682260505,45.59,2.98,0.69,0.13,0.55,0.509,0.0032,0.0013,95.6,1.4
36:22.6,1682260582,131.27,2.31,0.65,0.12,0.62,0.509,0.0031,0.0013,91.8,1.4
37:40.3,1682260660,159.2,5.38,0.72,0.09,0.61,0.509,0.0031,0.0013,95.9,1.4
38:57.8,1682260737,27.28,2.58,0.67,0.07,0.55,0.509,0.0031,0.0013,94.4,1.4
40:15.3,1682260815,68.39,2.36,0.05,0.08,0.6,0.509,0.0032,0.0013,98.6,1.4
41:32.7,1682260892,62.96,1.9,0.59,0.07,0.55,0.509,0.0031,0.0013,93.3,1.4
42:50.3,1682260970,166.49,3.75,1.56,0.45,0.59,0.509,0.0031,0.0013,95.7,1.4
44:07.9,1682261047,105.96,3.22,0.72,0.3,0.61,0.509,0.0031,0.0013,88.4,1.4
45:25.4,1682261125,40.4,2.18,0.04,0.09,0.56,0.509,0.0032,0.0013,97.3,1.4
46:42.9,1682261202,81.67,2.75,0.6,0.08,0.6,0.509,0.0031,0.0013,97.2,1.4
48:00.4,1682261280,38.83,1.89,0.59,0.09,0.6,0.509,0.0031,0.0013,97.2,1.4
49:18.0,1682261358,163.02,2.17,0.05,0.09,0.56,0.509,0.0032,0.0013,95.9,1.4
50:35.6,1682261435,60.23,2.43,0.78,0.09,0.61,0.509,0.0031,0.0013,84.7,1.4
51:53.1,1682261513,22.68,2.85,0.56,0.1,0.55,0.509,0.0031,0.0013,86.3,1.4
53:10.6,1682261590,53.41,12.5,0.16,0.11,0.61,0.509,0.0032,0.0013,95.8,1.4
54:28.1,1682261668,72.91,3.38,0.26,0.36,0.61,0.509,0.0031,0.0013,97.2,1.4
55:45.8,1682261745,169.55,1.89,0.73,0.09,0.56,0.509,0.0031,0.0013,93.4,1.4
57:03.3,1682261823,41.21,2.27,0.32,0.19,0.61,0.508,0.0031,0.0013,90.5,1.4
58:20.8,1682261900,63.63,2.36,0.56,0.09,0.55,0.508,0.0031,0.0013,90.4,1.3
59:38.3,1682261978,63.06,1.74,0.57,0.16,0.61,0.508,0.0033,0.0013,93.3,1.4
00:55.8,1682262055,59.7,2.16,0.57,0.09,0.6,0.508,0.0032,0.0013,97.2,1.4
02:13.5,1682262133,171.62,8.44,0.19,0.16,0.56,0.508,0.0031,0.0013,93.2,1.4
03:31.1,1682262211,257.1,3.28,0.63,0.34,0.62,0.508,0.0031,0.0013,95.8,1.4
04:48.7,1682262288,117.31,13.35,0.72,0.27,0.55,0.508,0.0031,0.0013,98.6,1.4
06:06.2,1682262366,66.69,3.02,0.04,0.08,0.61,0.508,0.0031,0.0013,91.5,1.4
07:23.7,1682262443,62.79,2.09,0.19,0.1,0.61,0.509,0.0031,0.0013,97.2,1.4
08:41.4,1682262521,152.93,2.33,0.67,0.1,0.56,0.508,0.0031,0.0013,84,1.4
09:58.9,1682262598,153.8,3.07,0.18,0.1,0.62,0.508,0.0031,0.0013,95.9,1.4
11:16.4,1682262676,114.96,2.32,0.88,0.11,0.55,0.509,0.0032,0.0013,96,1.4
12:33.9,1682262753,69.3,2.3,0.6,0.18,0.6,0.509,0.0031,0.0013,90.3,1.4
13:51.4,1682262831,111.74,8.88,0.67,0.3,0.62,0.509,0.0032,0.0013,91.9,1.4
15:09.1,1682262909,152.38,2.84,0.68,0.09,0.57,0.509,0.0032,0.0013,94.5,1.4
16:26.7,1682262986,50.87,2.17,0.19,0.13,0.62,0.509,0.0032,0.0013,91.5,1.4
17:44.2,1682263064,64.95,1.83,0.6,0.12,0.56,0.509,0.0031,0.0013,92.9,1.4
19:01.6,1682263141,53.22,1.84,0.63,0.1,0.61,0.509,0.0031,0.0013,90.4,1.4
20:19.2,1682263219,123.08,2.16,0.55,0.18,0.61,0.509,0.0031,0.0013,98.5,1.4
21:36.8,1682263296,188.73,2.07,0.05,0.09,0.56,0.509,0.0031,0.0013,87.9,1.4
22:54.4,1682263374,61.48,1.79,0.68,0.13,0.62,0.509,0.0032,0.0013,91.1,1.5
24:11.9,1682263451,43.62,2.26,0.55,0.3,0.55,0.509,0.0031,0.0013,89.2,1.4
25:29.4,1682263529,24.71,4.35,0.53,0.14,0.61,0.509,0.0031,0.0013,95.9,1.4
26:47.0,1682263606,140.29,2.53,0.41,0.14,0.61,0.509,0.0031,0.0013,95.8,1.4
28:04.6,1682263684,167.95,1.8,0.79,0.18,0.56,0.509,0.0031,0.0013,94.4,1.4
29:22.1,1682263762,160.71,1.74,0.98,0.13,0.58,0.509,0.0032,0.0013,94.5,1.5
30:39.6,1682263839,26.76,4.01,0.52,0.13,0.55,0.509,0.0031,0.0013,95.8,1.4
31:57.1,1682263917,121.85,2,0.45,0.09,0.61,0.509,0.0031,0.0013,94.5,1.4
33:14.7,1682263994,201.77,2.7,0.64,0.57,0.6,0.509,0.0031,0.0013,95.9,1.4
34:32.3,1682264072,58.62,3.78,0.72,0.28,0.55,0.509,0.0031,0.0013,91.6,1.4
35:49.8,1682264149,45.23,4.57,0.6,0.14,0.6,0.509,0.0032,0.0013,85.2,1.4
37:07.3,1682264227,78.63,2.18,0.04,0.08,0.55,0.509,0.0031,0.0013,91.6,1.4
38:24.8,1682264304,159.56,2.11,0.13,0.16,0.62,0.509,0.0031,0.0013,98.5,1.4
39:42.4,1682264382,132.75,1.86,0.8,0.2,0.62,0.509,0.0031,0.0013,93,1.4
41:00.0,1682264459,43.8,4.24,0.14,0.15,0.56,0.509,0.0031,0.0013,93.1,1.4
42:17.5,1682264537,56.98,2.05,0.05,0.16,0.61,0.509,0.0031,0.0013,94.5,1.4
43:35.0,1682264614,55.09,2.05,0.73,0.31,0.55,0.509,0.0031,0.0013,94.3,1.4
44:52.5,1682264692,111.73,2.68,0.74,0.29,0.62,0.509,0.0031,0.0013,94.4,1.4
46:10.1,1682264770,130.01,4.48,0.8,0.1,0.61,0.509,0.0033,0.0013,91.6,1.4
47:27.7,1682264847,63.09,1.96,0.62,0.09,0.56,0.509,0.0031,0.0013,91.8,1.4
48:45.2,1682264925,41.15,2.28,0.69,0.18,0.6,0.509,0.0031,0.0013,87.5,1.4
50:02.7,1682265002,41.24,2.09,0.28,0.08,0.55,0.509,0.0031,0.0013,97.3,1.4
51:20.1,1682265080,61.17,2.53,0.69,0.15,0.62,0.509,0.0032,0.0013,94.4,1.4
52:37.7,1682265157,131.83,2.25,0.64,0.09,0.62,0.509,0.0033,0.0013,87.6,1.4
53:55.2,1682265235,134.03,2.97,0.05,0.24,0.56,0.509,0.0031,0.0013,91.6,1.4
55:12.8,1682265312,72.19,2.75,0.19,0.35,0.61,0.509,0.0031,0.0013,93.2,1.4
56:30.3,1682265390,62,1.93,0.59,0.09,0.55,0.509,0.0031,0.0013,97.2,1.4
57:47.8,1682265467,43.11,1.89,0.6,0.09,0.61,0.509,0.0033,0.0013,96,1.4
59:05.3,1682265545,139.85,2.39,0.81,0.14,0.61,0.509,0.0031,0.0013,88.7,1.4
00:22.9,1682265622,143.65,2.14,0.73,0.08,0.56,0.509,0.0031,0.0013,93,1.4
01:40.4,1682265700,39.42,1.86,0.6,0.09,0.6,0.509,0.0031,0.0013,91.5,1.4
02:57.8,1682265777,36.56,1.88,0.47,0.11,0.6,0.509,0.0031,0.0013,95.7,1.4
04:15.4,1682265855,66.65,2.74,0.04,0.33,0.58,0.509,0.0031,0.0013,94.6,1.4
05:33.0,1682265932,155.41,19.55,0.76,0.09,0.61,0.509,0.0031,0.0013,93.2,1.4
06:50.5,1682266010,39.3,1.86,0.75,0.14,0.56,0.509,0.0032,0.0013,83.3,1.4
08:08.0,1682266088,45.2,2.78,0.1,0.09,0.6,0.509,0.0031,0.0013,97.2,1.4
09:25.5,1682266165,62.03,2.07,0.05,0.11,0.61,0.509,0.0031,0.0013,94.6,1.4
10:43.0,1682266243,159.12,2.68,0.57,0.09,0.56,0.509,0.0031,0.0013,95.8,1.4
12:00.7,1682266320,140.78,2.38,0.63,0.1,0.62,0.509,0.0031,0.0013,97.2,1.4
13:18.2,1682266398,62.62,2.58,1.17,0.33,0.55,0.509,0.0032,0.0013,79.7,1.4
14:35.8,1682266475,67.18,1.94,0.85,0.29,0.61,0.509,0.0031,0.0013,97.3,1.4
15:53.2,1682266553,59.38,2.04,0.72,0.09,0.6,0.509,0.0031,0.0013,97.2,1.4
17:10.8,1682266630,148.73,2.29,0.69,0.09,0.55,0.509,0.0031,0.0013,95.9,1.4
18:28.5,1682266708,114.8,1.96,0.04,0.1,0.62,0.509,0.0031,0.0013,90.1,1.4
19:45.9,1682266785,60.42,1.91,0.58,0.15,0.52,0.509,0.0031,0.0013,97.1,1.4
21:03.4,1682266863,33.52,1.69,0.57,0.14,0.61,0.509,0.0033,0.0013,93.1,1.4
22:20.8,1682266940,28.31,2.11,0.57,0.19,0.61,0.508,0.0031,0.0013,78.9,1.4
23:38.5,1682267018,171.93,3.79,1.35,0.55,0.55,0.508,0.0032,0.0013,93,1.4
24:56.1,1682267096,71.91,3.3,0.19,0.34,0.62,0.508,0.0031,0.0013,94.2,1.4
26:13.6,1682267173,58.52,1.68,0.6,0.08,0.55,0.508,0.0031,0.0013,94.4,1.4
27:31.1,1682267251,42.22,2.4,0.6,0.09,0.61,0.508,0.0031,0.0013,93.2,1.4
28:48.5,1682267328,32.41,2.19,0.55,0.11,0.61,0.508,0.0031,0.0013,98.6,1.4
30:06.2,1682267406,157.79,2.91,0.05,0.23,0.56,0.509,0.0032,0.0013,93,1.4
31:23.7,1682267483,67.33,1.96,0.6,0.09,0.62,0.509,0.0031,0.0013,90.6,1.4
32:41.3,1682267561,51.26,2.16,0.59,0.09,0.55,0.509,0.0031,0.0013,95.8,1.4
33:58.8,1682267638,56.01,2.08,0.71,0.12,0.6,0.508,0.0031,0.0013,94.5,1.4
35:16.3,1682267716,82.62,2.2,0.51,0.08,0.6,0.509,0.0032,0.0013,95.9,1.4
36:33.9,1682267793,168.37,2.85,0.05,0.09,0.55,0.509,0.0031,0.0013,95.9,1.4
37:51.4,1682267871,136.4,1.71,0.61,0.15,0.62,0.508,0.0032,0.0013,94.3,1.4
39:08.9,1682267948,36.67,2.04,0.42,0.1,0.55,0.508,0.0031,0.0013,91.8,1.4
40:26.3,1682268026,63.59,2.1,0.05,0.15,0.61,0.509,0.0031,0.0013,94.3,1.4
41:43.8,1682268103,62.88,1.89,0.58,0.13,0.6,0.509,0.0032,0.0013,94.7,1.4
43:01.5,1682268181,260.77,2.37,0.63,0.1,0.56,0.509,0.0031,0.0013,91.9,1.4
44:19.2,1682268259,251.63,2.3,0.59,0.18,0.62,0.508,0.0031,0.0013,94.2,1.4
45:36.7,1682268336,76.43,2.34,0.59,0.32,0.55,0.509,0.0031,0.0013,93,1.4
46:54.2,1682268414,95.48,2.31,0.55,0.13,0.6,0.508,0.0032,0.0013,94.3,1.4
48:11.7,1682268491,85.64,2.11,0.04,0.13,0.6,0.508,0.0031,0.0013,98.6,1.4
49:29.5,1682268569,137.25,4.05,0.69,0.08,0.56,0.509,0.0031,0.0013,83.3,1.4
50:47.0,1682268646,111.99,2.92,0.11,0.27,0.62,0.509,0.0031,0.0013,93.2,1.4
52:04.5,1682268724,125.78,1.69,0.77,0.14,0.55,0.509,0.0031,0.0013,94.5,1.4
53:22.0,1682268802,67.73,1.85,0.68,0.16,0.61,0.509,0.0032,0.0013,96,1.4
54:39.6,1682268879,17.12,3.99,0.58,0.13,0.62,0.508,0.0031,0.0013,93.1,1.4
55:57.3,1682268957,147.91,3.22,0.66,0.34,0.56,0.511,0.0031,0.0013,94.4,1.4
57:14.8,1682269034,60.94,1.96,0.75,0.07,0.63,0.512,0.0031,0.0013,87,1.4
58:32.3,1682269112,26.55,1.66,0.6,0.08,0.56,0.511,0.0031,0.0013,95.9,1.4
59:49.8,1682269189,31.05,4.04,0.92,0.11,0.61,0.511,0.0031,0.0013,93.3,1.4
01:07.3,1682269267,165.69,2.02,0.46,0.17,0.62,0.512,0.0031,0.0013,93.1,1.4
02:25.0,1682269345,147.56,2.22,0.65,0.15,0.57,0.512,0.0032,0.0013,87.5,1.4
03:42.7,1682269422,59.31,3.94,0.63,0.29,0.61,0.512,0.0031,0.0013,97.2,1.5
05:00.2,1682269500,55.64,4.95,0.04,0.4,0.55,0.512,0.0031,0.0013,90.3,1.4
06:17.6,1682269577,55.76,1.94,0.67,0.1,0.61,0.512,0.0032,0.0013,98.6,1.4
07:35.2,1682269655,126.17,3.36,0.73,0.08,0.6,0.513,0.0031,0.0013,95.8,1.4
08:52.7,1682269732,144.13,2.25,0.49,0.14,0.55,0.512,0.0031,0.0013,91.6,1.4
10:10.2,1682269810,61.43,4.43,0.59,0.12,0.58,0.513,0.0031,0.0013,94.6,1.5
11:27.7,1682269887,61.44,1.81,0.7,0.14,0.55,0.512,0.0033,0.0013,94.5,1.4
12:45.2,1682269965,54.14,2.11,0.54,0.16,0.61,0.512,0.0031,0.0013,91.9,1.4
14:02.8,1682270042,157.06,2.78,0.65,0.15,0.61,0.512,0.0031,0.0013,97.2,1.4
15:20.4,1682270120,54.31,2.43,0.7,0.52,0.56,0.512,0.0031,0.0013,94.5,1.4
16:37.9,1682270197,50.39,2.01,0.67,0.09,0.6,0.512,0.0032,0.0013,87.1,1.4
17:55.3,1682270275,33.27,2.03,0.54,0.08,0.55,0.512,0.0031,0.0013,91.6,1.4
19:12.8,1682270352,32.18,2.07,0.59,0.09,0.61,0.512,0.0032,0.0013,95.9,1.4
20:30.4,1682270430,147.66,2.12,0.62,0.16,0.62,0.512,0.0031,0.0013,95.9,1.4
21:47.9,1682270507,60.44,2.24,0.66,0.13,0.56,0.512,0.0031,0.0013,93.5,1.4
23:05.4,1682270585,50.21,2.51,0.04,0.12,0.6,0.512,0.0032,0.0013,94.4,1.4
24:22.8,1682270662,105.21,2.13,0.14,0.3,0.55,0.512,0.0031,0.0013,95.8,1.4
25:40.3,1682270740,74.97,2.11,0.49,0.32,0.6,0.513,0.0031,0.0013,97.3,1.4
26:57.9,1682270817,162.43,1.94,0.69,0.09,0.62,0.512,0.0031,0.0013,91.9,1.4
28:15.4,1682270895,135.87,2.58,0.39,0.08,0.56,0.512,0.0031,0.0013,94.6,1.4
29:32.9,1682270972,71.31,1.94,0.39,0.09,0.61,0.512,0.0032,0.0013,97.2,1.4
30:50.4,1682271050,58.32,12.26,0.59,0.08,0.55,0.512,0.0031,0.0013,95.7,1.4
32:07.8,1682271127,149.14,2.72,0.76,0.09,0.61,0.512,0.0031,0.0013,95.9,1.4
33:25.4,1682271205,163.13,2.72,0.34,0.09,0.62,0.513,0.0031,0.0013,94.5,1.4
34:42.9,1682271282,144.46,1.99,0.69,0.17,0.56,0.513,0.0032,0.0013,89.7,1.4
36:00.4,1682271360,100.45,2.88,0.6,0.35,0.61,0.512,0.0032,0.0013,93.2,1.4
37:17.9,1682271437,37.41,2.2,0.57,0.09,0.55,0.513,0.0031,0.0013,91.9,1.4
38:35.4,1682271515,174.72,2.19,0.04,0.08,0.6,0.513,0.0032,0.0013,93.1,1.4
39:53.1,1682271593,164.44,8.02,0.72,0.14,0.61,0.512,0.0031,0.0013,95.7,1.4
41:10.6,1682271670,37.93,2.1,0.54,0.19,0.56,0.512,0.0031,0.0013,88.7,1.4
42:28.0,1682271748,84.28,2.39,0.15,0.08,0.61,0.512,0.0031,0.0013,94.5,1.4
43:45.5,1682271825,67.04,1.71,0.69,0.09,0.61,0.512,0.0031,0.0013,94.4,1.4
45:03.1,1682271903,162.2,1.84,0.61,0.34,0.55,0.513,0.0031,0.0013,89.2,1.4
46:20.7,1682271980,116.02,2.22,0.6,0.1,0.62,0.512,0.0031,0.0013,89.1,1.4
47:38.2,1682272058,62.45,1.97,0.29,0.09,0.56,0.513,0.0031,0.0013,97.3,1.4
48:55.7,1682272135,28.35,1.67,0.7,0.09,0.6,0.513,0.0031,0.0013,94.5,1.4
50:13.2,1682272213,30.25,2.16,0.55,0.1,0.6,0.513,0.0031,0.0013,95.9,1.4
51:30.7,1682272290,162.66,2.6,0.04,0.17,0.61,0.513,0.0031,0.0013,97.3,1.4
52:48.4,1682272368,117.89,2.45,0.82,0.09,0.61,0.513,0.0031,0.0013,88.4,1.4
54:06.0,1682272446,59.72,3.13,1.3,0.5,0.53,0.513,0.0032,0.0013,98.6,1.4
55:23.5,1682272523,44.74,2.63,0.66,0.29,0.61,0.513,0.0033,0.0013,89.2,1.4
56:41.0,1682272600,51.84,1.84,0.59,0.08,0.6,0.513,0.0031,0.0013,94.7,1.4
57:58.5,1682272678,141.26,2.26,0.57,0.09,0.55,0.513,0.0031,0.0013,96,1.4
59:16.0,1682272756,60.86,1.84,0.68,0.1,0.62,0.513,0.0031,0.0013,97.3,1.4